program_id,language,mode,level,technique,difficulty,seed,out_path,ok,details,disabled_for_retry
Ackerman,java,technique,,T1,easy,1,eyetracking/obfuscation/source/java/identifier_renaming/easy/Ackerman.java,True,ok,
ArrayAverage,java,technique,,T1,easy,1,eyetracking/obfuscation/source/java/identifier_renaming/easy/ArrayAverage.java,True,ok,
BinToDecimal,java,technique,,T1,easy,1,eyetracking/obfuscation/source/java/identifier_renaming/easy/BinToDecimal.java,True,ok,
BinarySearch,java,technique,,T1,easy,1,eyetracking/obfuscation/source/java/identifier_renaming/easy/BinarySearch.java,True,ok,
BinomialCoefficient,java,technique,,T1,easy,1,eyetracking/obfuscation/source/java/identifier_renaming/easy/BinomialCoefficient.java,True,ok,
BogoSort,java,technique,,T1,easy,1,eyetracking/obfuscation/source/java/identifier_renaming/easy/BogoSort.java,True,ok,
CheckIfLettersOnly,java,technique,,T1,easy,1,eyetracking/obfuscation/source/java/identifier_renaming/easy/CheckIfLettersOnly.java,True,ok,
ContainsSubstring,java,technique,,T1,easy,1,eyetracking/obfuscation/source/java/identifier_renaming/easy/ContainsSubstring.java,True,ok,
DropNumber,java,technique,,T1,easy,1,eyetracking/obfuscation/source/java/identifier_renaming/easy/DropNumber.java,True,ok,
DumpSorting,java,technique,,T1,easy,1,eyetracking/obfuscation/source/java/identifier_renaming/easy/DumpSorting.java,True,ok,
GreatestCommonDivisor,java,technique,,T1,easy,1,eyetracking/obfuscation/source/java/identifier_renaming/easy/GreatestCommonDivisor.java,True,ok,
HIndex,java,technique,,T1,easy,1,eyetracking/obfuscation/source/java/identifier_renaming/easy/HIndex.java,True,ok,
HeightOfTree,java,technique,,T1,easy,1,eyetracking/obfuscation/source/java/identifier_renaming/easy/HeightOfTree.java,True,ok,
InsertSort,java,technique,,T1,easy,1,eyetracking/obfuscation/source/java/identifier_renaming/easy/InsertSort.java,True,ok,
IsAnagram,java,technique,,T1,easy,1,eyetracking/obfuscation/source/java/identifier_renaming/easy/IsAnagram.java,True,ok,
IsPrime,java,technique,,T1,easy,1,eyetracking/obfuscation/source/java/identifier_renaming/easy/IsPrime.java,True,ok,
LengthOfLast,java,technique,,T1,easy,1,eyetracking/obfuscation/source/java/identifier_renaming/easy/LengthOfLast.java,True,ok,T1
MedianOnSorted,java,technique,,T1,easy,1,eyetracking/obfuscation/source/java/identifier_renaming/easy/MedianOnSorted.java,True,ok,
Palindrome,java,technique,,T1,easy,1,eyetracking/obfuscation/source/java/identifier_renaming/easy/Palindrome.java,True,ok,
PermuteString,java,technique,,T1,easy,1,eyetracking/obfuscation/source/java/identifier_renaming/easy/PermuteString.java,True,ok,
Power,java,technique,,T1,easy,1,eyetracking/obfuscation/source/java/identifier_renaming/easy/Power.java,True,ok,
RabbitTortoise,java,technique,,T1,easy,1,eyetracking/obfuscation/source/java/identifier_renaming/easy/RabbitTortoise.java,True,ok,
Rectangle,java,technique,,T1,easy,1,eyetracking/obfuscation/source/java/identifier_renaming/easy/Rectangle.java,True,ok,
RectanglePower,java,technique,,T1,easy,1,eyetracking/obfuscation/source/java/identifier_renaming/easy/RectanglePower.java,True,ok,
RemoveDoubleChar,java,technique,,T1,easy,1,eyetracking/obfuscation/source/java/identifier_renaming/easy/RemoveDoubleChar.java,True,ok,
ReverseArray,java,technique,,T1,easy,1,eyetracking/obfuscation/source/java/identifier_renaming/easy/ReverseArray.java,True,ok,
ReverseQueue,java,technique,,T1,easy,1,eyetracking/obfuscation/source/java/identifier_renaming/easy/ReverseQueue.java,True,ok,
SiebDesEratosthenes,java,technique,,T1,easy,1,eyetracking/obfuscation/source/java/identifier_renaming/easy/SiebDesEratosthenes.java,True,ok,
SignChecker,java,technique,,T1,easy,1,eyetracking/obfuscation/source/java/identifier_renaming/easy/SignChecker.java,True,ok,
SmallGauss,java,technique,,T1,easy,1,eyetracking/obfuscation/source/java/identifier_renaming/easy/SmallGauss.java,True,ok,
SumArray,java,technique,,T1,easy,1,eyetracking/obfuscation/source/java/identifier_renaming/easy/SumArray.java,True,ok,
Vehicle,java,technique,,T1,easy,1,eyetracking/obfuscation/source/java/identifier_renaming/easy/Vehicle.java,True,ok,
Ackerman,java,technique,,T1,med,1,eyetracking/obfuscation/source/java/identifier_renaming/med/Ackerman.java,True,ok,
ArrayAverage,java,technique,,T1,med,1,eyetracking/obfuscation/source/java/identifier_renaming/med/ArrayAverage.java,True,ok,
BinToDecimal,java,technique,,T1,med,1,eyetracking/obfuscation/source/java/identifier_renaming/med/BinToDecimal.java,True,ok,
BinarySearch,java,technique,,T1,med,1,eyetracking/obfuscation/source/java/identifier_renaming/med/BinarySearch.java,True,ok,
BinomialCoefficient,java,technique,,T1,med,1,eyetracking/obfuscation/source/java/identifier_renaming/med/BinomialCoefficient.java,True,ok,
BogoSort,java,technique,,T1,med,1,eyetracking/obfuscation/source/java/identifier_renaming/med/BogoSort.java,True,ok,
CheckIfLettersOnly,java,technique,,T1,med,1,eyetracking/obfuscation/source/java/identifier_renaming/med/CheckIfLettersOnly.java,True,ok,
ContainsSubstring,java,technique,,T1,med,1,eyetracking/obfuscation/source/java/identifier_renaming/med/ContainsSubstring.java,True,ok,
DropNumber,java,technique,,T1,med,1,eyetracking/obfuscation/source/java/identifier_renaming/med/DropNumber.java,True,ok,
DumpSorting,java,technique,,T1,med,1,eyetracking/obfuscation/source/java/identifier_renaming/med/DumpSorting.java,True,ok,
GreatestCommonDivisor,java,technique,,T1,med,1,eyetracking/obfuscation/source/java/identifier_renaming/med/GreatestCommonDivisor.java,True,ok,
HIndex,java,technique,,T1,med,1,eyetracking/obfuscation/source/java/identifier_renaming/med/HIndex.java,True,ok,
HeightOfTree,java,technique,,T1,med,1,eyetracking/obfuscation/source/java/identifier_renaming/med/HeightOfTree.java,True,ok,
InsertSort,java,technique,,T1,med,1,eyetracking/obfuscation/source/java/identifier_renaming/med/InsertSort.java,True,ok,
IsAnagram,java,technique,,T1,med,1,eyetracking/obfuscation/source/java/identifier_renaming/med/IsAnagram.java,True,ok,
IsPrime,java,technique,,T1,med,1,eyetracking/obfuscation/source/java/identifier_renaming/med/IsPrime.java,True,ok,
LengthOfLast,java,technique,,T1,med,1,eyetracking/obfuscation/source/java/identifier_renaming/med/LengthOfLast.java,True,ok,T1
MedianOnSorted,java,technique,,T1,med,1,eyetracking/obfuscation/source/java/identifier_renaming/med/MedianOnSorted.java,True,ok,
Palindrome,java,technique,,T1,med,1,eyetracking/obfuscation/source/java/identifier_renaming/med/Palindrome.java,True,ok,
PermuteString,java,technique,,T1,med,1,eyetracking/obfuscation/source/java/identifier_renaming/med/PermuteString.java,True,ok,
Power,java,technique,,T1,med,1,eyetracking/obfuscation/source/java/identifier_renaming/med/Power.java,True,ok,
RabbitTortoise,java,technique,,T1,med,1,eyetracking/obfuscation/source/java/identifier_renaming/med/RabbitTortoise.java,True,ok,
Rectangle,java,technique,,T1,med,1,eyetracking/obfuscation/source/java/identifier_renaming/med/Rectangle.java,True,ok,
RectanglePower,java,technique,,T1,med,1,eyetracking/obfuscation/source/java/identifier_renaming/med/RectanglePower.java,True,ok,
RemoveDoubleChar,java,technique,,T1,med,1,eyetracking/obfuscation/source/java/identifier_renaming/med/RemoveDoubleChar.java,True,ok,
ReverseArray,java,technique,,T1,med,1,eyetracking/obfuscation/source/java/identifier_renaming/med/ReverseArray.java,True,ok,
ReverseQueue,java,technique,,T1,med,1,eyetracking/obfuscation/source/java/identifier_renaming/med/ReverseQueue.java,True,ok,
SiebDesEratosthenes,java,technique,,T1,med,1,eyetracking/obfuscation/source/java/identifier_renaming/med/SiebDesEratosthenes.java,True,ok,
SignChecker,java,technique,,T1,med,1,eyetracking/obfuscation/source/java/identifier_renaming/med/SignChecker.java,True,ok,
SmallGauss,java,technique,,T1,med,1,eyetracking/obfuscation/source/java/identifier_renaming/med/SmallGauss.java,True,ok,
SumArray,java,technique,,T1,med,1,eyetracking/obfuscation/source/java/identifier_renaming/med/SumArray.java,True,ok,
Vehicle,java,technique,,T1,med,1,eyetracking/obfuscation/source/java/identifier_renaming/med/Vehicle.java,True,ok,
Ackerman,java,technique,,T1,hard,1,eyetracking/obfuscation/source/java/identifier_renaming/hard/Ackerman.java,True,ok,
ArrayAverage,java,technique,,T1,hard,1,eyetracking/obfuscation/source/java/identifier_renaming/hard/ArrayAverage.java,True,ok,
BinToDecimal,java,technique,,T1,hard,1,eyetracking/obfuscation/source/java/identifier_renaming/hard/BinToDecimal.java,True,ok,
BinarySearch,java,technique,,T1,hard,1,eyetracking/obfuscation/source/java/identifier_renaming/hard/BinarySearch.java,True,ok,
BinomialCoefficient,java,technique,,T1,hard,1,eyetracking/obfuscation/source/java/identifier_renaming/hard/BinomialCoefficient.java,True,ok,
BogoSort,java,technique,,T1,hard,1,eyetracking/obfuscation/source/java/identifier_renaming/hard/BogoSort.java,True,ok,
CheckIfLettersOnly,java,technique,,T1,hard,1,eyetracking/obfuscation/source/java/identifier_renaming/hard/CheckIfLettersOnly.java,True,ok,
ContainsSubstring,java,technique,,T1,hard,1,eyetracking/obfuscation/source/java/identifier_renaming/hard/ContainsSubstring.java,True,ok,
DropNumber,java,technique,,T1,hard,1,eyetracking/obfuscation/source/java/identifier_renaming/hard/DropNumber.java,True,ok,
DumpSorting,java,technique,,T1,hard,1,eyetracking/obfuscation/source/java/identifier_renaming/hard/DumpSorting.java,True,ok,
GreatestCommonDivisor,java,technique,,T1,hard,1,eyetracking/obfuscation/source/java/identifier_renaming/hard/GreatestCommonDivisor.java,True,ok,
HIndex,java,technique,,T1,hard,1,eyetracking/obfuscation/source/java/identifier_renaming/hard/HIndex.java,True,ok,
HeightOfTree,java,technique,,T1,hard,1,eyetracking/obfuscation/source/java/identifier_renaming/hard/HeightOfTree.java,True,ok,
InsertSort,java,technique,,T1,hard,1,eyetracking/obfuscation/source/java/identifier_renaming/hard/InsertSort.java,True,ok,
IsAnagram,java,technique,,T1,hard,1,eyetracking/obfuscation/source/java/identifier_renaming/hard/IsAnagram.java,True,ok,
IsPrime,java,technique,,T1,hard,1,eyetracking/obfuscation/source/java/identifier_renaming/hard/IsPrime.java,True,ok,
LengthOfLast,java,technique,,T1,hard,1,eyetracking/obfuscation/source/java/identifier_renaming/hard/LengthOfLast.java,True,ok,T1
MedianOnSorted,java,technique,,T1,hard,1,eyetracking/obfuscation/source/java/identifier_renaming/hard/MedianOnSorted.java,True,ok,
Palindrome,java,technique,,T1,hard,1,eyetracking/obfuscation/source/java/identifier_renaming/hard/Palindrome.java,True,ok,
PermuteString,java,technique,,T1,hard,1,eyetracking/obfuscation/source/java/identifier_renaming/hard/PermuteString.java,True,ok,
Power,java,technique,,T1,hard,1,eyetracking/obfuscation/source/java/identifier_renaming/hard/Power.java,True,ok,
RabbitTortoise,java,technique,,T1,hard,1,eyetracking/obfuscation/source/java/identifier_renaming/hard/RabbitTortoise.java,True,ok,
Rectangle,java,technique,,T1,hard,1,eyetracking/obfuscation/source/java/identifier_renaming/hard/Rectangle.java,True,ok,
RectanglePower,java,technique,,T1,hard,1,eyetracking/obfuscation/source/java/identifier_renaming/hard/RectanglePower.java,True,ok,
RemoveDoubleChar,java,technique,,T1,hard,1,eyetracking/obfuscation/source/java/identifier_renaming/hard/RemoveDoubleChar.java,True,ok,
ReverseArray,java,technique,,T1,hard,1,eyetracking/obfuscation/source/java/identifier_renaming/hard/ReverseArray.java,True,ok,
ReverseQueue,java,technique,,T1,hard,1,eyetracking/obfuscation/source/java/identifier_renaming/hard/ReverseQueue.java,True,ok,
SiebDesEratosthenes,java,technique,,T1,hard,1,eyetracking/obfuscation/source/java/identifier_renaming/hard/SiebDesEratosthenes.java,True,ok,
SignChecker,java,technique,,T1,hard,1,eyetracking/obfuscation/source/java/identifier_renaming/hard/SignChecker.java,True,ok,
SmallGauss,java,technique,,T1,hard,1,eyetracking/obfuscation/source/java/identifier_renaming/hard/SmallGauss.java,True,ok,
SumArray,java,technique,,T1,hard,1,eyetracking/obfuscation/source/java/identifier_renaming/hard/SumArray.java,True,ok,
Vehicle,java,technique,,T1,hard,1,eyetracking/obfuscation/source/java/identifier_renaming/hard/Vehicle.java,True,ok,
Ackerman,java,technique,,T2,easy,1,eyetracking/obfuscation/source/java/syntax_layout_noise/easy/Ackerman.java,True,ok,
ArrayAverage,java,technique,,T2,easy,1,eyetracking/obfuscation/source/java/syntax_layout_noise/easy/ArrayAverage.java,True,ok,
BinToDecimal,java,technique,,T2,easy,1,eyetracking/obfuscation/source/java/syntax_layout_noise/easy/BinToDecimal.java,True,ok,
BinarySearch,java,technique,,T2,easy,1,eyetracking/obfuscation/source/java/syntax_layout_noise/easy/BinarySearch.java,True,ok,
BinomialCoefficient,java,technique,,T2,easy,1,eyetracking/obfuscation/source/java/syntax_layout_noise/easy/BinomialCoefficient.java,True,ok,
BogoSort,java,technique,,T2,easy,1,eyetracking/obfuscation/source/java/syntax_layout_noise/easy/BogoSort.java,True,ok,
CheckIfLettersOnly,java,technique,,T2,easy,1,eyetracking/obfuscation/source/java/syntax_layout_noise/easy/CheckIfLettersOnly.java,True,ok,
ContainsSubstring,java,technique,,T2,easy,1,eyetracking/obfuscation/source/java/syntax_layout_noise/easy/ContainsSubstring.java,True,ok,
DropNumber,java,technique,,T2,easy,1,eyetracking/obfuscation/source/java/syntax_layout_noise/easy/DropNumber.java,True,ok,
DumpSorting,java,technique,,T2,easy,1,eyetracking/obfuscation/source/java/syntax_layout_noise/easy/DumpSorting.java,True,ok,
GreatestCommonDivisor,java,technique,,T2,easy,1,eyetracking/obfuscation/source/java/syntax_layout_noise/easy/GreatestCommonDivisor.java,True,ok,
HIndex,java,technique,,T2,easy,1,eyetracking/obfuscation/source/java/syntax_layout_noise/easy/HIndex.java,True,ok,
HeightOfTree,java,technique,,T2,easy,1,eyetracking/obfuscation/source/java/syntax_layout_noise/easy/HeightOfTree.java,True,ok,
InsertSort,java,technique,,T2,easy,1,eyetracking/obfuscation/source/java/syntax_layout_noise/easy/InsertSort.java,True,ok,
IsAnagram,java,technique,,T2,easy,1,eyetracking/obfuscation/source/java/syntax_layout_noise/easy/IsAnagram.java,True,ok,
IsPrime,java,technique,,T2,easy,1,eyetracking/obfuscation/source/java/syntax_layout_noise/easy/IsPrime.java,True,ok,
LengthOfLast,java,technique,,T2,easy,1,eyetracking/obfuscation/source/java/syntax_layout_noise/easy/LengthOfLast.java,True,ok,
MedianOnSorted,java,technique,,T2,easy,1,eyetracking/obfuscation/source/java/syntax_layout_noise/easy/MedianOnSorted.java,True,ok,
Palindrome,java,technique,,T2,easy,1,eyetracking/obfuscation/source/java/syntax_layout_noise/easy/Palindrome.java,True,ok,
PermuteString,java,technique,,T2,easy,1,eyetracking/obfuscation/source/java/syntax_layout_noise/easy/PermuteString.java,True,ok,
Power,java,technique,,T2,easy,1,eyetracking/obfuscation/source/java/syntax_layout_noise/easy/Power.java,True,ok,
RabbitTortoise,java,technique,,T2,easy,1,eyetracking/obfuscation/source/java/syntax_layout_noise/easy/RabbitTortoise.java,True,ok,
Rectangle,java,technique,,T2,easy,1,eyetracking/obfuscation/source/java/syntax_layout_noise/easy/Rectangle.java,True,ok,
RectanglePower,java,technique,,T2,easy,1,eyetracking/obfuscation/source/java/syntax_layout_noise/easy/RectanglePower.java,True,ok,
RemoveDoubleChar,java,technique,,T2,easy,1,eyetracking/obfuscation/source/java/syntax_layout_noise/easy/RemoveDoubleChar.java,True,ok,
ReverseArray,java,technique,,T2,easy,1,eyetracking/obfuscation/source/java/syntax_layout_noise/easy/ReverseArray.java,True,ok,
ReverseQueue,java,technique,,T2,easy,1,eyetracking/obfuscation/source/java/syntax_layout_noise/easy/ReverseQueue.java,True,ok,
SiebDesEratosthenes,java,technique,,T2,easy,1,eyetracking/obfuscation/source/java/syntax_layout_noise/easy/SiebDesEratosthenes.java,True,ok,
SignChecker,java,technique,,T2,easy,1,eyetracking/obfuscation/source/java/syntax_layout_noise/easy/SignChecker.java,True,ok,
SmallGauss,java,technique,,T2,easy,1,eyetracking/obfuscation/source/java/syntax_layout_noise/easy/SmallGauss.java,True,ok,
SumArray,java,technique,,T2,easy,1,eyetracking/obfuscation/source/java/syntax_layout_noise/easy/SumArray.java,True,ok,
Vehicle,java,technique,,T2,easy,1,eyetracking/obfuscation/source/java/syntax_layout_noise/easy/Vehicle.java,True,ok,
Ackerman,java,technique,,T2,med,1,eyetracking/obfuscation/source/java/syntax_layout_noise/med/Ackerman.java,True,ok,
ArrayAverage,java,technique,,T2,med,1,eyetracking/obfuscation/source/java/syntax_layout_noise/med/ArrayAverage.java,True,ok,
BinToDecimal,java,technique,,T2,med,1,eyetracking/obfuscation/source/java/syntax_layout_noise/med/BinToDecimal.java,True,ok,
BinarySearch,java,technique,,T2,med,1,eyetracking/obfuscation/source/java/syntax_layout_noise/med/BinarySearch.java,True,ok,
BinomialCoefficient,java,technique,,T2,med,1,eyetracking/obfuscation/source/java/syntax_layout_noise/med/BinomialCoefficient.java,True,ok,
BogoSort,java,technique,,T2,med,1,eyetracking/obfuscation/source/java/syntax_layout_noise/med/BogoSort.java,True,ok,
CheckIfLettersOnly,java,technique,,T2,med,1,eyetracking/obfuscation/source/java/syntax_layout_noise/med/CheckIfLettersOnly.java,True,ok,
ContainsSubstring,java,technique,,T2,med,1,eyetracking/obfuscation/source/java/syntax_layout_noise/med/ContainsSubstring.java,True,ok,
DropNumber,java,technique,,T2,med,1,eyetracking/obfuscation/source/java/syntax_layout_noise/med/DropNumber.java,True,ok,
DumpSorting,java,technique,,T2,med,1,eyetracking/obfuscation/source/java/syntax_layout_noise/med/DumpSorting.java,True,ok,
GreatestCommonDivisor,java,technique,,T2,med,1,eyetracking/obfuscation/source/java/syntax_layout_noise/med/GreatestCommonDivisor.java,True,ok,
HIndex,java,technique,,T2,med,1,eyetracking/obfuscation/source/java/syntax_layout_noise/med/HIndex.java,True,ok,
HeightOfTree,java,technique,,T2,med,1,eyetracking/obfuscation/source/java/syntax_layout_noise/med/HeightOfTree.java,True,ok,
InsertSort,java,technique,,T2,med,1,eyetracking/obfuscation/source/java/syntax_layout_noise/med/InsertSort.java,True,ok,
IsAnagram,java,technique,,T2,med,1,eyetracking/obfuscation/source/java/syntax_layout_noise/med/IsAnagram.java,True,ok,
IsPrime,java,technique,,T2,med,1,eyetracking/obfuscation/source/java/syntax_layout_noise/med/IsPrime.java,True,ok,
LengthOfLast,java,technique,,T2,med,1,eyetracking/obfuscation/source/java/syntax_layout_noise/med/LengthOfLast.java,True,ok,
MedianOnSorted,java,technique,,T2,med,1,eyetracking/obfuscation/source/java/syntax_layout_noise/med/MedianOnSorted.java,True,ok,
Palindrome,java,technique,,T2,med,1,eyetracking/obfuscation/source/java/syntax_layout_noise/med/Palindrome.java,True,ok,
PermuteString,java,technique,,T2,med,1,eyetracking/obfuscation/source/java/syntax_layout_noise/med/PermuteString.java,True,ok,
Power,java,technique,,T2,med,1,eyetracking/obfuscation/source/java/syntax_layout_noise/med/Power.java,True,ok,
RabbitTortoise,java,technique,,T2,med,1,eyetracking/obfuscation/source/java/syntax_layout_noise/med/RabbitTortoise.java,True,ok,
Rectangle,java,technique,,T2,med,1,eyetracking/obfuscation/source/java/syntax_layout_noise/med/Rectangle.java,True,ok,
RectanglePower,java,technique,,T2,med,1,eyetracking/obfuscation/source/java/syntax_layout_noise/med/RectanglePower.java,True,ok,
RemoveDoubleChar,java,technique,,T2,med,1,eyetracking/obfuscation/source/java/syntax_layout_noise/med/RemoveDoubleChar.java,True,ok,
ReverseArray,java,technique,,T2,med,1,eyetracking/obfuscation/source/java/syntax_layout_noise/med/ReverseArray.java,True,ok,
ReverseQueue,java,technique,,T2,med,1,eyetracking/obfuscation/source/java/syntax_layout_noise/med/ReverseQueue.java,True,ok,
SiebDesEratosthenes,java,technique,,T2,med,1,eyetracking/obfuscation/source/java/syntax_layout_noise/med/SiebDesEratosthenes.java,True,ok,T2
SignChecker,java,technique,,T2,med,1,eyetracking/obfuscation/source/java/syntax_layout_noise/med/SignChecker.java,True,ok,
SmallGauss,java,technique,,T2,med,1,eyetracking/obfuscation/source/java/syntax_layout_noise/med/SmallGauss.java,True,ok,
SumArray,java,technique,,T2,med,1,eyetracking/obfuscation/source/java/syntax_layout_noise/med/SumArray.java,True,ok,
Vehicle,java,technique,,T2,med,1,eyetracking/obfuscation/source/java/syntax_layout_noise/med/Vehicle.java,True,ok,
Ackerman,java,technique,,T2,hard,1,eyetracking/obfuscation/source/java/syntax_layout_noise/hard/Ackerman.java,True,ok,
ArrayAverage,java,technique,,T2,hard,1,eyetracking/obfuscation/source/java/syntax_layout_noise/hard/ArrayAverage.java,True,ok,
BinToDecimal,java,technique,,T2,hard,1,eyetracking/obfuscation/source/java/syntax_layout_noise/hard/BinToDecimal.java,True,ok,
BinarySearch,java,technique,,T2,hard,1,eyetracking/obfuscation/source/java/syntax_layout_noise/hard/BinarySearch.java,True,ok,
BinomialCoefficient,java,technique,,T2,hard,1,eyetracking/obfuscation/source/java/syntax_layout_noise/hard/BinomialCoefficient.java,True,ok,
BogoSort,java,technique,,T2,hard,1,eyetracking/obfuscation/source/java/syntax_layout_noise/hard/BogoSort.java,True,ok,
CheckIfLettersOnly,java,technique,,T2,hard,1,eyetracking/obfuscation/source/java/syntax_layout_noise/hard/CheckIfLettersOnly.java,True,ok,
ContainsSubstring,java,technique,,T2,hard,1,eyetracking/obfuscation/source/java/syntax_layout_noise/hard/ContainsSubstring.java,True,ok,
DropNumber,java,technique,,T2,hard,1,eyetracking/obfuscation/source/java/syntax_layout_noise/hard/DropNumber.java,True,ok,
DumpSorting,java,technique,,T2,hard,1,eyetracking/obfuscation/source/java/syntax_layout_noise/hard/DumpSorting.java,True,ok,
GreatestCommonDivisor,java,technique,,T2,hard,1,eyetracking/obfuscation/source/java/syntax_layout_noise/hard/GreatestCommonDivisor.java,True,ok,
HIndex,java,technique,,T2,hard,1,eyetracking/obfuscation/source/java/syntax_layout_noise/hard/HIndex.java,True,ok,
HeightOfTree,java,technique,,T2,hard,1,eyetracking/obfuscation/source/java/syntax_layout_noise/hard/HeightOfTree.java,True,ok,
InsertSort,java,technique,,T2,hard,1,eyetracking/obfuscation/source/java/syntax_layout_noise/hard/InsertSort.java,True,ok,
IsAnagram,java,technique,,T2,hard,1,eyetracking/obfuscation/source/java/syntax_layout_noise/hard/IsAnagram.java,True,ok,
IsPrime,java,technique,,T2,hard,1,eyetracking/obfuscation/source/java/syntax_layout_noise/hard/IsPrime.java,True,ok,
LengthOfLast,java,technique,,T2,hard,1,eyetracking/obfuscation/source/java/syntax_layout_noise/hard/LengthOfLast.java,True,ok,
MedianOnSorted,java,technique,,T2,hard,1,eyetracking/obfuscation/source/java/syntax_layout_noise/hard/MedianOnSorted.java,True,ok,
Palindrome,java,technique,,T2,hard,1,eyetracking/obfuscation/source/java/syntax_layout_noise/hard/Palindrome.java,True,ok,
PermuteString,java,technique,,T2,hard,1,eyetracking/obfuscation/source/java/syntax_layout_noise/hard/PermuteString.java,True,ok,
Power,java,technique,,T2,hard,1,eyetracking/obfuscation/source/java/syntax_layout_noise/hard/Power.java,True,ok,
RabbitTortoise,java,technique,,T2,hard,1,eyetracking/obfuscation/source/java/syntax_layout_noise/hard/RabbitTortoise.java,True,ok,
Rectangle,java,technique,,T2,hard,1,eyetracking/obfuscation/source/java/syntax_layout_noise/hard/Rectangle.java,True,ok,
RectanglePower,java,technique,,T2,hard,1,eyetracking/obfuscation/source/java/syntax_layout_noise/hard/RectanglePower.java,True,ok,
RemoveDoubleChar,java,technique,,T2,hard,1,eyetracking/obfuscation/source/java/syntax_layout_noise/hard/RemoveDoubleChar.java,True,ok,
ReverseArray,java,technique,,T2,hard,1,eyetracking/obfuscation/source/java/syntax_layout_noise/hard/ReverseArray.java,True,ok,
ReverseQueue,java,technique,,T2,hard,1,eyetracking/obfuscation/source/java/syntax_layout_noise/hard/ReverseQueue.java,True,ok,
SiebDesEratosthenes,java,technique,,T2,hard,1,eyetracking/obfuscation/source/java/syntax_layout_noise/hard/SiebDesEratosthenes.java,True,ok,
SignChecker,java,technique,,T2,hard,1,eyetracking/obfuscation/source/java/syntax_layout_noise/hard/SignChecker.java,True,ok,
SmallGauss,java,technique,,T2,hard,1,eyetracking/obfuscation/source/java/syntax_layout_noise/hard/SmallGauss.java,True,ok,
SumArray,java,technique,,T2,hard,1,eyetracking/obfuscation/source/java/syntax_layout_noise/hard/SumArray.java,True,ok,
Vehicle,java,technique,,T2,hard,1,eyetracking/obfuscation/source/java/syntax_layout_noise/hard/Vehicle.java,True,ok,
Ackerman,java,technique,,T3,easy,1,eyetracking/obfuscation/source/java/literal_constant_hiding/easy/Ackerman.java,True,ok,
ArrayAverage,java,technique,,T3,easy,1,eyetracking/obfuscation/source/java/literal_constant_hiding/easy/ArrayAverage.java,True,ok,
BinToDecimal,java,technique,,T3,easy,1,eyetracking/obfuscation/source/java/literal_constant_hiding/easy/BinToDecimal.java,True,ok,
BinarySearch,java,technique,,T3,easy,1,eyetracking/obfuscation/source/java/literal_constant_hiding/easy/BinarySearch.java,True,ok,
BinomialCoefficient,java,technique,,T3,easy,1,eyetracking/obfuscation/source/java/literal_constant_hiding/easy/BinomialCoefficient.java,True,ok,
BogoSort,java,technique,,T3,easy,1,eyetracking/obfuscation/source/java/literal_constant_hiding/easy/BogoSort.java,True,ok,
CheckIfLettersOnly,java,technique,,T3,easy,1,eyetracking/obfuscation/source/java/literal_constant_hiding/easy/CheckIfLettersOnly.java,True,ok,
ContainsSubstring,java,technique,,T3,easy,1,eyetracking/obfuscation/source/java/literal_constant_hiding/easy/ContainsSubstring.java,True,ok,
DropNumber,java,technique,,T3,easy,1,eyetracking/obfuscation/source/java/literal_constant_hiding/easy/DropNumber.java,True,ok,
DumpSorting,java,technique,,T3,easy,1,eyetracking/obfuscation/source/java/literal_constant_hiding/easy/DumpSorting.java,True,ok,
GreatestCommonDivisor,java,technique,,T3,easy,1,eyetracking/obfuscation/source/java/literal_constant_hiding/easy/GreatestCommonDivisor.java,True,ok,
HIndex,java,technique,,T3,easy,1,eyetracking/obfuscation/source/java/literal_constant_hiding/easy/HIndex.java,True,ok,
HeightOfTree,java,technique,,T3,easy,1,eyetracking/obfuscation/source/java/literal_constant_hiding/easy/HeightOfTree.java,True,ok,
InsertSort,java,technique,,T3,easy,1,eyetracking/obfuscation/source/java/literal_constant_hiding/easy/InsertSort.java,True,ok,
IsAnagram,java,technique,,T3,easy,1,eyetracking/obfuscation/source/java/literal_constant_hiding/easy/IsAnagram.java,True,ok,
IsPrime,java,technique,,T3,easy,1,eyetracking/obfuscation/source/java/literal_constant_hiding/easy/IsPrime.java,True,ok,
LengthOfLast,java,technique,,T3,easy,1,eyetracking/obfuscation/source/java/literal_constant_hiding/easy/LengthOfLast.java,True,ok,
MedianOnSorted,java,technique,,T3,easy,1,eyetracking/obfuscation/source/java/literal_constant_hiding/easy/MedianOnSorted.java,True,ok,
Palindrome,java,technique,,T3,easy,1,eyetracking/obfuscation/source/java/literal_constant_hiding/easy/Palindrome.java,True,ok,
PermuteString,java,technique,,T3,easy,1,eyetracking/obfuscation/source/java/literal_constant_hiding/easy/PermuteString.java,True,ok,
Power,java,technique,,T3,easy,1,eyetracking/obfuscation/source/java/literal_constant_hiding/easy/Power.java,True,ok,
RabbitTortoise,java,technique,,T3,easy,1,eyetracking/obfuscation/source/java/literal_constant_hiding/easy/RabbitTortoise.java,True,ok,
Rectangle,java,technique,,T3,easy,1,eyetracking/obfuscation/source/java/literal_constant_hiding/easy/Rectangle.java,True,ok,
RectanglePower,java,technique,,T3,easy,1,eyetracking/obfuscation/source/java/literal_constant_hiding/easy/RectanglePower.java,True,ok,
RemoveDoubleChar,java,technique,,T3,easy,1,eyetracking/obfuscation/source/java/literal_constant_hiding/easy/RemoveDoubleChar.java,True,ok,
ReverseArray,java,technique,,T3,easy,1,eyetracking/obfuscation/source/java/literal_constant_hiding/easy/ReverseArray.java,True,ok,
ReverseQueue,java,technique,,T3,easy,1,eyetracking/obfuscation/source/java/literal_constant_hiding/easy/ReverseQueue.java,True,ok,
SiebDesEratosthenes,java,technique,,T3,easy,1,eyetracking/obfuscation/source/java/literal_constant_hiding/easy/SiebDesEratosthenes.java,True,ok,
SignChecker,java,technique,,T3,easy,1,eyetracking/obfuscation/source/java/literal_constant_hiding/easy/SignChecker.java,True,ok,
SmallGauss,java,technique,,T3,easy,1,eyetracking/obfuscation/source/java/literal_constant_hiding/easy/SmallGauss.java,True,ok,
SumArray,java,technique,,T3,easy,1,eyetracking/obfuscation/source/java/literal_constant_hiding/easy/SumArray.java,True,ok,
Vehicle,java,technique,,T3,easy,1,eyetracking/obfuscation/source/java/literal_constant_hiding/easy/Vehicle.java,True,ok,
Ackerman,java,technique,,T3,med,1,eyetracking/obfuscation/source/java/literal_constant_hiding/med/Ackerman.java,True,ok,
ArrayAverage,java,technique,,T3,med,1,eyetracking/obfuscation/source/java/literal_constant_hiding/med/ArrayAverage.java,True,ok,
BinToDecimal,java,technique,,T3,med,1,eyetracking/obfuscation/source/java/literal_constant_hiding/med/BinToDecimal.java,True,ok,
BinarySearch,java,technique,,T3,med,1,eyetracking/obfuscation/source/java/literal_constant_hiding/med/BinarySearch.java,True,ok,
BinomialCoefficient,java,technique,,T3,med,1,eyetracking/obfuscation/source/java/literal_constant_hiding/med/BinomialCoefficient.java,True,ok,
BogoSort,java,technique,,T3,med,1,eyetracking/obfuscation/source/java/literal_constant_hiding/med/BogoSort.java,True,ok,
CheckIfLettersOnly,java,technique,,T3,med,1,eyetracking/obfuscation/source/java/literal_constant_hiding/med/CheckIfLettersOnly.java,True,ok,
ContainsSubstring,java,technique,,T3,med,1,eyetracking/obfuscation/source/java/literal_constant_hiding/med/ContainsSubstring.java,True,ok,
DropNumber,java,technique,,T3,med,1,eyetracking/obfuscation/source/java/literal_constant_hiding/med/DropNumber.java,True,ok,
DumpSorting,java,technique,,T3,med,1,eyetracking/obfuscation/source/java/literal_constant_hiding/med/DumpSorting.java,True,ok,
GreatestCommonDivisor,java,technique,,T3,med,1,eyetracking/obfuscation/source/java/literal_constant_hiding/med/GreatestCommonDivisor.java,True,ok,
HIndex,java,technique,,T3,med,1,eyetracking/obfuscation/source/java/literal_constant_hiding/med/HIndex.java,True,ok,
HeightOfTree,java,technique,,T3,med,1,eyetracking/obfuscation/source/java/literal_constant_hiding/med/HeightOfTree.java,True,ok,
InsertSort,java,technique,,T3,med,1,eyetracking/obfuscation/source/java/literal_constant_hiding/med/InsertSort.java,True,ok,
IsAnagram,java,technique,,T3,med,1,eyetracking/obfuscation/source/java/literal_constant_hiding/med/IsAnagram.java,True,ok,
IsPrime,java,technique,,T3,med,1,eyetracking/obfuscation/source/java/literal_constant_hiding/med/IsPrime.java,True,ok,
LengthOfLast,java,technique,,T3,med,1,eyetracking/obfuscation/source/java/literal_constant_hiding/med/LengthOfLast.java,True,ok,
MedianOnSorted,java,technique,,T3,med,1,eyetracking/obfuscation/source/java/literal_constant_hiding/med/MedianOnSorted.java,True,ok,
Palindrome,java,technique,,T3,med,1,eyetracking/obfuscation/source/java/literal_constant_hiding/med/Palindrome.java,True,ok,
PermuteString,java,technique,,T3,med,1,eyetracking/obfuscation/source/java/literal_constant_hiding/med/PermuteString.java,True,ok,
Power,java,technique,,T3,med,1,eyetracking/obfuscation/source/java/literal_constant_hiding/med/Power.java,True,ok,
RabbitTortoise,java,technique,,T3,med,1,eyetracking/obfuscation/source/java/literal_constant_hiding/med/RabbitTortoise.java,True,ok,
Rectangle,java,technique,,T3,med,1,eyetracking/obfuscation/source/java/literal_constant_hiding/med/Rectangle.java,True,ok,
RectanglePower,java,technique,,T3,med,1,eyetracking/obfuscation/source/java/literal_constant_hiding/med/RectanglePower.java,True,ok,
RemoveDoubleChar,java,technique,,T3,med,1,eyetracking/obfuscation/source/java/literal_constant_hiding/med/RemoveDoubleChar.java,True,ok,
ReverseArray,java,technique,,T3,med,1,eyetracking/obfuscation/source/java/literal_constant_hiding/med/ReverseArray.java,True,ok,
ReverseQueue,java,technique,,T3,med,1,eyetracking/obfuscation/source/java/literal_constant_hiding/med/ReverseQueue.java,True,ok,
SiebDesEratosthenes,java,technique,,T3,med,1,eyetracking/obfuscation/source/java/literal_constant_hiding/med/SiebDesEratosthenes.java,True,ok,
SignChecker,java,technique,,T3,med,1,eyetracking/obfuscation/source/java/literal_constant_hiding/med/SignChecker.java,True,ok,
SmallGauss,java,technique,,T3,med,1,eyetracking/obfuscation/source/java/literal_constant_hiding/med/SmallGauss.java,True,ok,
SumArray,java,technique,,T3,med,1,eyetracking/obfuscation/source/java/literal_constant_hiding/med/SumArray.java,True,ok,
Vehicle,java,technique,,T3,med,1,eyetracking/obfuscation/source/java/literal_constant_hiding/med/Vehicle.java,True,ok,
Ackerman,java,technique,,T3,hard,1,eyetracking/obfuscation/source/java/literal_constant_hiding/hard/Ackerman.java,True,ok,
ArrayAverage,java,technique,,T3,hard,1,eyetracking/obfuscation/source/java/literal_constant_hiding/hard/ArrayAverage.java,True,ok,
BinToDecimal,java,technique,,T3,hard,1,eyetracking/obfuscation/source/java/literal_constant_hiding/hard/BinToDecimal.java,True,ok,
BinarySearch,java,technique,,T3,hard,1,eyetracking/obfuscation/source/java/literal_constant_hiding/hard/BinarySearch.java,True,ok,
BinomialCoefficient,java,technique,,T3,hard,1,eyetracking/obfuscation/source/java/literal_constant_hiding/hard/BinomialCoefficient.java,True,ok,
BogoSort,java,technique,,T3,hard,1,eyetracking/obfuscation/source/java/literal_constant_hiding/hard/BogoSort.java,True,ok,
CheckIfLettersOnly,java,technique,,T3,hard,1,eyetracking/obfuscation/source/java/literal_constant_hiding/hard/CheckIfLettersOnly.java,True,ok,
ContainsSubstring,java,technique,,T3,hard,1,eyetracking/obfuscation/source/java/literal_constant_hiding/hard/ContainsSubstring.java,True,ok,
DropNumber,java,technique,,T3,hard,1,eyetracking/obfuscation/source/java/literal_constant_hiding/hard/DropNumber.java,True,ok,
DumpSorting,java,technique,,T3,hard,1,eyetracking/obfuscation/source/java/literal_constant_hiding/hard/DumpSorting.java,True,ok,
GreatestCommonDivisor,java,technique,,T3,hard,1,eyetracking/obfuscation/source/java/literal_constant_hiding/hard/GreatestCommonDivisor.java,True,ok,
HIndex,java,technique,,T3,hard,1,eyetracking/obfuscation/source/java/literal_constant_hiding/hard/HIndex.java,True,ok,
HeightOfTree,java,technique,,T3,hard,1,eyetracking/obfuscation/source/java/literal_constant_hiding/hard/HeightOfTree.java,True,ok,
InsertSort,java,technique,,T3,hard,1,eyetracking/obfuscation/source/java/literal_constant_hiding/hard/InsertSort.java,True,ok,
IsAnagram,java,technique,,T3,hard,1,eyetracking/obfuscation/source/java/literal_constant_hiding/hard/IsAnagram.java,True,ok,
IsPrime,java,technique,,T3,hard,1,eyetracking/obfuscation/source/java/literal_constant_hiding/hard/IsPrime.java,True,ok,
LengthOfLast,java,technique,,T3,hard,1,eyetracking/obfuscation/source/java/literal_constant_hiding/hard/LengthOfLast.java,True,ok,
MedianOnSorted,java,technique,,T3,hard,1,eyetracking/obfuscation/source/java/literal_constant_hiding/hard/MedianOnSorted.java,True,ok,
Palindrome,java,technique,,T3,hard,1,eyetracking/obfuscation/source/java/literal_constant_hiding/hard/Palindrome.java,True,ok,
PermuteString,java,technique,,T3,hard,1,eyetracking/obfuscation/source/java/literal_constant_hiding/hard/PermuteString.java,True,ok,
Power,java,technique,,T3,hard,1,eyetracking/obfuscation/source/java/literal_constant_hiding/hard/Power.java,True,ok,
RabbitTortoise,java,technique,,T3,hard,1,eyetracking/obfuscation/source/java/literal_constant_hiding/hard/RabbitTortoise.java,True,ok,
Rectangle,java,technique,,T3,hard,1,eyetracking/obfuscation/source/java/literal_constant_hiding/hard/Rectangle.java,True,ok,
RectanglePower,java,technique,,T3,hard,1,eyetracking/obfuscation/source/java/literal_constant_hiding/hard/RectanglePower.java,True,ok,
RemoveDoubleChar,java,technique,,T3,hard,1,eyetracking/obfuscation/source/java/literal_constant_hiding/hard/RemoveDoubleChar.java,True,ok,
ReverseArray,java,technique,,T3,hard,1,eyetracking/obfuscation/source/java/literal_constant_hiding/hard/ReverseArray.java,True,ok,
ReverseQueue,java,technique,,T3,hard,1,eyetracking/obfuscation/source/java/literal_constant_hiding/hard/ReverseQueue.java,True,ok,
SiebDesEratosthenes,java,technique,,T3,hard,1,eyetracking/obfuscation/source/java/literal_constant_hiding/hard/SiebDesEratosthenes.java,True,ok,
SignChecker,java,technique,,T3,hard,1,eyetracking/obfuscation/source/java/literal_constant_hiding/hard/SignChecker.java,True,ok,
SmallGauss,java,technique,,T3,hard,1,eyetracking/obfuscation/source/java/literal_constant_hiding/hard/SmallGauss.java,True,ok,
SumArray,java,technique,,T3,hard,1,eyetracking/obfuscation/source/java/literal_constant_hiding/hard/SumArray.java,True,ok,
Vehicle,java,technique,,T3,hard,1,eyetracking/obfuscation/source/java/literal_constant_hiding/hard/Vehicle.java,True,ok,
Ackerman,java,technique,,T4,easy,1,eyetracking/obfuscation/source/java/expression_substitution/easy/Ackerman.java,True,ok,
ArrayAverage,java,technique,,T4,easy,1,eyetracking/obfuscation/source/java/expression_substitution/easy/ArrayAverage.java,True,ok,T4
BinToDecimal,java,technique,,T4,easy,1,eyetracking/obfuscation/source/java/expression_substitution/easy/BinToDecimal.java,True,ok,T4
BinarySearch,java,technique,,T4,easy,1,eyetracking/obfuscation/source/java/expression_substitution/easy/BinarySearch.java,True,ok,
BinomialCoefficient,java,technique,,T4,easy,1,eyetracking/obfuscation/source/java/expression_substitution/easy/BinomialCoefficient.java,True,ok,
BogoSort,java,technique,,T4,easy,1,eyetracking/obfuscation/source/java/expression_substitution/easy/BogoSort.java,True,ok,
CheckIfLettersOnly,java,technique,,T4,easy,1,eyetracking/obfuscation/source/java/expression_substitution/easy/CheckIfLettersOnly.java,True,ok,
ContainsSubstring,java,technique,,T4,easy,1,eyetracking/obfuscation/source/java/expression_substitution/easy/ContainsSubstring.java,True,ok,
DropNumber,java,technique,,T4,easy,1,eyetracking/obfuscation/source/java/expression_substitution/easy/DropNumber.java,True,ok,
DumpSorting,java,technique,,T4,easy,1,eyetracking/obfuscation/source/java/expression_substitution/easy/DumpSorting.java,True,ok,
GreatestCommonDivisor,java,technique,,T4,easy,1,eyetracking/obfuscation/source/java/expression_substitution/easy/GreatestCommonDivisor.java,True,ok,
HIndex,java,technique,,T4,easy,1,eyetracking/obfuscation/source/java/expression_substitution/easy/HIndex.java,True,ok,
HeightOfTree,java,technique,,T4,easy,1,eyetracking/obfuscation/source/java/expression_substitution/easy/HeightOfTree.java,True,ok,
InsertSort,java,technique,,T4,easy,1,eyetracking/obfuscation/source/java/expression_substitution/easy/InsertSort.java,True,ok,
IsAnagram,java,technique,,T4,easy,1,eyetracking/obfuscation/source/java/expression_substitution/easy/IsAnagram.java,True,ok,
IsPrime,java,technique,,T4,easy,1,eyetracking/obfuscation/source/java/expression_substitution/easy/IsPrime.java,True,ok,
LengthOfLast,java,technique,,T4,easy,1,eyetracking/obfuscation/source/java/expression_substitution/easy/LengthOfLast.java,True,ok,
MedianOnSorted,java,technique,,T4,easy,1,eyetracking/obfuscation/source/java/expression_substitution/easy/MedianOnSorted.java,True,ok,
Palindrome,java,technique,,T4,easy,1,eyetracking/obfuscation/source/java/expression_substitution/easy/Palindrome.java,True,ok,
PermuteString,java,technique,,T4,easy,1,eyetracking/obfuscation/source/java/expression_substitution/easy/PermuteString.java,True,ok,
Power,java,technique,,T4,easy,1,eyetracking/obfuscation/source/java/expression_substitution/easy/Power.java,True,ok,
RabbitTortoise,java,technique,,T4,easy,1,eyetracking/obfuscation/source/java/expression_substitution/easy/RabbitTortoise.java,True,ok,
Rectangle,java,technique,,T4,easy,1,eyetracking/obfuscation/source/java/expression_substitution/easy/Rectangle.java,True,ok,
RectanglePower,java,technique,,T4,easy,1,eyetracking/obfuscation/source/java/expression_substitution/easy/RectanglePower.java,True,ok,
RemoveDoubleChar,java,technique,,T4,easy,1,eyetracking/obfuscation/source/java/expression_substitution/easy/RemoveDoubleChar.java,True,ok,
ReverseArray,java,technique,,T4,easy,1,eyetracking/obfuscation/source/java/expression_substitution/easy/ReverseArray.java,True,ok,
ReverseQueue,java,technique,,T4,easy,1,eyetracking/obfuscation/source/java/expression_substitution/easy/ReverseQueue.java,True,ok,
SiebDesEratosthenes,java,technique,,T4,easy,1,eyetracking/obfuscation/source/java/expression_substitution/easy/SiebDesEratosthenes.java,True,ok,
SignChecker,java,technique,,T4,easy,1,eyetracking/obfuscation/source/java/expression_substitution/easy/SignChecker.java,True,ok,
SmallGauss,java,technique,,T4,easy,1,eyetracking/obfuscation/source/java/expression_substitution/easy/SmallGauss.java,True,ok,
SumArray,java,technique,,T4,easy,1,eyetracking/obfuscation/source/java/expression_substitution/easy/SumArray.java,True,ok,T4
Vehicle,java,technique,,T4,easy,1,eyetracking/obfuscation/source/java/expression_substitution/easy/Vehicle.java,True,ok,
Ackerman,java,technique,,T4,med,1,eyetracking/obfuscation/source/java/expression_substitution/med/Ackerman.java,True,ok,
ArrayAverage,java,technique,,T4,med,1,eyetracking/obfuscation/source/java/expression_substitution/med/ArrayAverage.java,True,ok,T4
BinToDecimal,java,technique,,T4,med,1,eyetracking/obfuscation/source/java/expression_substitution/med/BinToDecimal.java,True,ok,T4
BinarySearch,java,technique,,T4,med,1,eyetracking/obfuscation/source/java/expression_substitution/med/BinarySearch.java,True,ok,
BinomialCoefficient,java,technique,,T4,med,1,eyetracking/obfuscation/source/java/expression_substitution/med/BinomialCoefficient.java,True,ok,
BogoSort,java,technique,,T4,med,1,eyetracking/obfuscation/source/java/expression_substitution/med/BogoSort.java,True,ok,
CheckIfLettersOnly,java,technique,,T4,med,1,eyetracking/obfuscation/source/java/expression_substitution/med/CheckIfLettersOnly.java,True,ok,
ContainsSubstring,java,technique,,T4,med,1,eyetracking/obfuscation/source/java/expression_substitution/med/ContainsSubstring.java,True,ok,
DropNumber,java,technique,,T4,med,1,eyetracking/obfuscation/source/java/expression_substitution/med/DropNumber.java,True,ok,
DumpSorting,java,technique,,T4,med,1,eyetracking/obfuscation/source/java/expression_substitution/med/DumpSorting.java,True,ok,
GreatestCommonDivisor,java,technique,,T4,med,1,eyetracking/obfuscation/source/java/expression_substitution/med/GreatestCommonDivisor.java,True,ok,
HIndex,java,technique,,T4,med,1,eyetracking/obfuscation/source/java/expression_substitution/med/HIndex.java,True,ok,
HeightOfTree,java,technique,,T4,med,1,eyetracking/obfuscation/source/java/expression_substitution/med/HeightOfTree.java,True,ok,
InsertSort,java,technique,,T4,med,1,eyetracking/obfuscation/source/java/expression_substitution/med/InsertSort.java,True,ok,
IsAnagram,java,technique,,T4,med,1,eyetracking/obfuscation/source/java/expression_substitution/med/IsAnagram.java,True,ok,
IsPrime,java,technique,,T4,med,1,eyetracking/obfuscation/source/java/expression_substitution/med/IsPrime.java,True,ok,
LengthOfLast,java,technique,,T4,med,1,eyetracking/obfuscation/source/java/expression_substitution/med/LengthOfLast.java,True,ok,
MedianOnSorted,java,technique,,T4,med,1,eyetracking/obfuscation/source/java/expression_substitution/med/MedianOnSorted.java,True,ok,
Palindrome,java,technique,,T4,med,1,eyetracking/obfuscation/source/java/expression_substitution/med/Palindrome.java,True,ok,
PermuteString,java,technique,,T4,med,1,eyetracking/obfuscation/source/java/expression_substitution/med/PermuteString.java,True,ok,
Power,java,technique,,T4,med,1,eyetracking/obfuscation/source/java/expression_substitution/med/Power.java,True,ok,
RabbitTortoise,java,technique,,T4,med,1,eyetracking/obfuscation/source/java/expression_substitution/med/RabbitTortoise.java,True,ok,
Rectangle,java,technique,,T4,med,1,eyetracking/obfuscation/source/java/expression_substitution/med/Rectangle.java,True,ok,
RectanglePower,java,technique,,T4,med,1,eyetracking/obfuscation/source/java/expression_substitution/med/RectanglePower.java,True,ok,
RemoveDoubleChar,java,technique,,T4,med,1,eyetracking/obfuscation/source/java/expression_substitution/med/RemoveDoubleChar.java,True,ok,
ReverseArray,java,technique,,T4,med,1,eyetracking/obfuscation/source/java/expression_substitution/med/ReverseArray.java,True,ok,
ReverseQueue,java,technique,,T4,med,1,eyetracking/obfuscation/source/java/expression_substitution/med/ReverseQueue.java,True,ok,
SiebDesEratosthenes,java,technique,,T4,med,1,eyetracking/obfuscation/source/java/expression_substitution/med/SiebDesEratosthenes.java,True,ok,
SignChecker,java,technique,,T4,med,1,eyetracking/obfuscation/source/java/expression_substitution/med/SignChecker.java,True,ok,
SmallGauss,java,technique,,T4,med,1,eyetracking/obfuscation/source/java/expression_substitution/med/SmallGauss.java,True,ok,
SumArray,java,technique,,T4,med,1,eyetracking/obfuscation/source/java/expression_substitution/med/SumArray.java,True,ok,T4
Vehicle,java,technique,,T4,med,1,eyetracking/obfuscation/source/java/expression_substitution/med/Vehicle.java,True,ok,
Ackerman,java,technique,,T4,hard,1,eyetracking/obfuscation/source/java/expression_substitution/hard/Ackerman.java,True,ok,
ArrayAverage,java,technique,,T4,hard,1,eyetracking/obfuscation/source/java/expression_substitution/hard/ArrayAverage.java,True,ok,T4
BinToDecimal,java,technique,,T4,hard,1,eyetracking/obfuscation/source/java/expression_substitution/hard/BinToDecimal.java,True,ok,T4
BinarySearch,java,technique,,T4,hard,1,eyetracking/obfuscation/source/java/expression_substitution/hard/BinarySearch.java,True,ok,
BinomialCoefficient,java,technique,,T4,hard,1,eyetracking/obfuscation/source/java/expression_substitution/hard/BinomialCoefficient.java,True,ok,
BogoSort,java,technique,,T4,hard,1,eyetracking/obfuscation/source/java/expression_substitution/hard/BogoSort.java,True,ok,
CheckIfLettersOnly,java,technique,,T4,hard,1,eyetracking/obfuscation/source/java/expression_substitution/hard/CheckIfLettersOnly.java,True,ok,
ContainsSubstring,java,technique,,T4,hard,1,eyetracking/obfuscation/source/java/expression_substitution/hard/ContainsSubstring.java,True,ok,
DropNumber,java,technique,,T4,hard,1,eyetracking/obfuscation/source/java/expression_substitution/hard/DropNumber.java,True,ok,
DumpSorting,java,technique,,T4,hard,1,eyetracking/obfuscation/source/java/expression_substitution/hard/DumpSorting.java,True,ok,
GreatestCommonDivisor,java,technique,,T4,hard,1,eyetracking/obfuscation/source/java/expression_substitution/hard/GreatestCommonDivisor.java,True,ok,
HIndex,java,technique,,T4,hard,1,eyetracking/obfuscation/source/java/expression_substitution/hard/HIndex.java,True,ok,
HeightOfTree,java,technique,,T4,hard,1,eyetracking/obfuscation/source/java/expression_substitution/hard/HeightOfTree.java,True,ok,
InsertSort,java,technique,,T4,hard,1,eyetracking/obfuscation/source/java/expression_substitution/hard/InsertSort.java,True,ok,
IsAnagram,java,technique,,T4,hard,1,eyetracking/obfuscation/source/java/expression_substitution/hard/IsAnagram.java,True,ok,
IsPrime,java,technique,,T4,hard,1,eyetracking/obfuscation/source/java/expression_substitution/hard/IsPrime.java,True,ok,
LengthOfLast,java,technique,,T4,hard,1,eyetracking/obfuscation/source/java/expression_substitution/hard/LengthOfLast.java,True,ok,
MedianOnSorted,java,technique,,T4,hard,1,eyetracking/obfuscation/source/java/expression_substitution/hard/MedianOnSorted.java,True,ok,
Palindrome,java,technique,,T4,hard,1,eyetracking/obfuscation/source/java/expression_substitution/hard/Palindrome.java,True,ok,
PermuteString,java,technique,,T4,hard,1,eyetracking/obfuscation/source/java/expression_substitution/hard/PermuteString.java,True,ok,
Power,java,technique,,T4,hard,1,eyetracking/obfuscation/source/java/expression_substitution/hard/Power.java,True,ok,
RabbitTortoise,java,technique,,T4,hard,1,eyetracking/obfuscation/source/java/expression_substitution/hard/RabbitTortoise.java,True,ok,
Rectangle,java,technique,,T4,hard,1,eyetracking/obfuscation/source/java/expression_substitution/hard/Rectangle.java,True,ok,
RectanglePower,java,technique,,T4,hard,1,eyetracking/obfuscation/source/java/expression_substitution/hard/RectanglePower.java,True,ok,
RemoveDoubleChar,java,technique,,T4,hard,1,eyetracking/obfuscation/source/java/expression_substitution/hard/RemoveDoubleChar.java,True,ok,
ReverseArray,java,technique,,T4,hard,1,eyetracking/obfuscation/source/java/expression_substitution/hard/ReverseArray.java,True,ok,
ReverseQueue,java,technique,,T4,hard,1,eyetracking/obfuscation/source/java/expression_substitution/hard/ReverseQueue.java,True,ok,
SiebDesEratosthenes,java,technique,,T4,hard,1,eyetracking/obfuscation/source/java/expression_substitution/hard/SiebDesEratosthenes.java,True,ok,
SignChecker,java,technique,,T4,hard,1,eyetracking/obfuscation/source/java/expression_substitution/hard/SignChecker.java,True,ok,
SmallGauss,java,technique,,T4,hard,1,eyetracking/obfuscation/source/java/expression_substitution/hard/SmallGauss.java,True,ok,
SumArray,java,technique,,T4,hard,1,eyetracking/obfuscation/source/java/expression_substitution/hard/SumArray.java,True,ok,T4
Vehicle,java,technique,,T4,hard,1,eyetracking/obfuscation/source/java/expression_substitution/hard/Vehicle.java,True,ok,
Ackerman,java,technique,,T5,easy,1,eyetracking/obfuscation/source/java/bogus_control_flow/easy/Ackerman.java,True,ok,
ArrayAverage,java,technique,,T5,easy,1,eyetracking/obfuscation/source/java/bogus_control_flow/easy/ArrayAverage.java,True,ok,
BinToDecimal,java,technique,,T5,easy,1,eyetracking/obfuscation/source/java/bogus_control_flow/easy/BinToDecimal.java,True,ok,
BinarySearch,java,technique,,T5,easy,1,eyetracking/obfuscation/source/java/bogus_control_flow/easy/BinarySearch.java,True,ok,
BinomialCoefficient,java,technique,,T5,easy,1,eyetracking/obfuscation/source/java/bogus_control_flow/easy/BinomialCoefficient.java,True,ok,
BogoSort,java,technique,,T5,easy,1,eyetracking/obfuscation/source/java/bogus_control_flow/easy/BogoSort.java,True,ok,
CheckIfLettersOnly,java,technique,,T5,easy,1,eyetracking/obfuscation/source/java/bogus_control_flow/easy/CheckIfLettersOnly.java,True,ok,
ContainsSubstring,java,technique,,T5,easy,1,eyetracking/obfuscation/source/java/bogus_control_flow/easy/ContainsSubstring.java,True,ok,
DropNumber,java,technique,,T5,easy,1,eyetracking/obfuscation/source/java/bogus_control_flow/easy/DropNumber.java,True,ok,
DumpSorting,java,technique,,T5,easy,1,eyetracking/obfuscation/source/java/bogus_control_flow/easy/DumpSorting.java,True,ok,
GreatestCommonDivisor,java,technique,,T5,easy,1,eyetracking/obfuscation/source/java/bogus_control_flow/easy/GreatestCommonDivisor.java,True,ok,
HIndex,java,technique,,T5,easy,1,eyetracking/obfuscation/source/java/bogus_control_flow/easy/HIndex.java,True,ok,
HeightOfTree,java,technique,,T5,easy,1,eyetracking/obfuscation/source/java/bogus_control_flow/easy/HeightOfTree.java,True,ok,
InsertSort,java,technique,,T5,easy,1,eyetracking/obfuscation/source/java/bogus_control_flow/easy/InsertSort.java,True,ok,
IsAnagram,java,technique,,T5,easy,1,eyetracking/obfuscation/source/java/bogus_control_flow/easy/IsAnagram.java,True,ok,
IsPrime,java,technique,,T5,easy,1,eyetracking/obfuscation/source/java/bogus_control_flow/easy/IsPrime.java,True,ok,
LengthOfLast,java,technique,,T5,easy,1,eyetracking/obfuscation/source/java/bogus_control_flow/easy/LengthOfLast.java,True,ok,
MedianOnSorted,java,technique,,T5,easy,1,eyetracking/obfuscation/source/java/bogus_control_flow/easy/MedianOnSorted.java,True,ok,
Palindrome,java,technique,,T5,easy,1,eyetracking/obfuscation/source/java/bogus_control_flow/easy/Palindrome.java,True,ok,
PermuteString,java,technique,,T5,easy,1,eyetracking/obfuscation/source/java/bogus_control_flow/easy/PermuteString.java,True,ok,
Power,java,technique,,T5,easy,1,eyetracking/obfuscation/source/java/bogus_control_flow/easy/Power.java,True,ok,
RabbitTortoise,java,technique,,T5,easy,1,eyetracking/obfuscation/source/java/bogus_control_flow/easy/RabbitTortoise.java,True,ok,
Rectangle,java,technique,,T5,easy,1,eyetracking/obfuscation/source/java/bogus_control_flow/easy/Rectangle.java,True,ok,
RectanglePower,java,technique,,T5,easy,1,eyetracking/obfuscation/source/java/bogus_control_flow/easy/RectanglePower.java,True,ok,
RemoveDoubleChar,java,technique,,T5,easy,1,eyetracking/obfuscation/source/java/bogus_control_flow/easy/RemoveDoubleChar.java,True,ok,
ReverseArray,java,technique,,T5,easy,1,eyetracking/obfuscation/source/java/bogus_control_flow/easy/ReverseArray.java,True,ok,
ReverseQueue,java,technique,,T5,easy,1,eyetracking/obfuscation/source/java/bogus_control_flow/easy/ReverseQueue.java,True,ok,
SiebDesEratosthenes,java,technique,,T5,easy,1,eyetracking/obfuscation/source/java/bogus_control_flow/easy/SiebDesEratosthenes.java,True,ok,
SignChecker,java,technique,,T5,easy,1,eyetracking/obfuscation/source/java/bogus_control_flow/easy/SignChecker.java,True,ok,
SmallGauss,java,technique,,T5,easy,1,eyetracking/obfuscation/source/java/bogus_control_flow/easy/SmallGauss.java,True,ok,
SumArray,java,technique,,T5,easy,1,eyetracking/obfuscation/source/java/bogus_control_flow/easy/SumArray.java,True,ok,
Vehicle,java,technique,,T5,easy,1,eyetracking/obfuscation/source/java/bogus_control_flow/easy/Vehicle.java,True,ok,
Ackerman,java,technique,,T5,med,1,eyetracking/obfuscation/source/java/bogus_control_flow/med/Ackerman.java,True,ok,
ArrayAverage,java,technique,,T5,med,1,eyetracking/obfuscation/source/java/bogus_control_flow/med/ArrayAverage.java,True,ok,
BinToDecimal,java,technique,,T5,med,1,eyetracking/obfuscation/source/java/bogus_control_flow/med/BinToDecimal.java,True,ok,
BinarySearch,java,technique,,T5,med,1,eyetracking/obfuscation/source/java/bogus_control_flow/med/BinarySearch.java,True,ok,
BinomialCoefficient,java,technique,,T5,med,1,eyetracking/obfuscation/source/java/bogus_control_flow/med/BinomialCoefficient.java,True,ok,
BogoSort,java,technique,,T5,med,1,eyetracking/obfuscation/source/java/bogus_control_flow/med/BogoSort.java,True,ok,
CheckIfLettersOnly,java,technique,,T5,med,1,eyetracking/obfuscation/source/java/bogus_control_flow/med/CheckIfLettersOnly.java,True,ok,
ContainsSubstring,java,technique,,T5,med,1,eyetracking/obfuscation/source/java/bogus_control_flow/med/ContainsSubstring.java,True,ok,
DropNumber,java,technique,,T5,med,1,eyetracking/obfuscation/source/java/bogus_control_flow/med/DropNumber.java,True,ok,
DumpSorting,java,technique,,T5,med,1,eyetracking/obfuscation/source/java/bogus_control_flow/med/DumpSorting.java,True,ok,
GreatestCommonDivisor,java,technique,,T5,med,1,eyetracking/obfuscation/source/java/bogus_control_flow/med/GreatestCommonDivisor.java,True,ok,
HIndex,java,technique,,T5,med,1,eyetracking/obfuscation/source/java/bogus_control_flow/med/HIndex.java,True,ok,
HeightOfTree,java,technique,,T5,med,1,eyetracking/obfuscation/source/java/bogus_control_flow/med/HeightOfTree.java,True,ok,
InsertSort,java,technique,,T5,med,1,eyetracking/obfuscation/source/java/bogus_control_flow/med/InsertSort.java,True,ok,
IsAnagram,java,technique,,T5,med,1,eyetracking/obfuscation/source/java/bogus_control_flow/med/IsAnagram.java,True,ok,
IsPrime,java,technique,,T5,med,1,eyetracking/obfuscation/source/java/bogus_control_flow/med/IsPrime.java,True,ok,
LengthOfLast,java,technique,,T5,med,1,eyetracking/obfuscation/source/java/bogus_control_flow/med/LengthOfLast.java,True,ok,
MedianOnSorted,java,technique,,T5,med,1,eyetracking/obfuscation/source/java/bogus_control_flow/med/MedianOnSorted.java,True,ok,
Palindrome,java,technique,,T5,med,1,eyetracking/obfuscation/source/java/bogus_control_flow/med/Palindrome.java,True,ok,
PermuteString,java,technique,,T5,med,1,eyetracking/obfuscation/source/java/bogus_control_flow/med/PermuteString.java,True,ok,
Power,java,technique,,T5,med,1,eyetracking/obfuscation/source/java/bogus_control_flow/med/Power.java,True,ok,
RabbitTortoise,java,technique,,T5,med,1,eyetracking/obfuscation/source/java/bogus_control_flow/med/RabbitTortoise.java,True,ok,
Rectangle,java,technique,,T5,med,1,eyetracking/obfuscation/source/java/bogus_control_flow/med/Rectangle.java,True,ok,
RectanglePower,java,technique,,T5,med,1,eyetracking/obfuscation/source/java/bogus_control_flow/med/RectanglePower.java,True,ok,
RemoveDoubleChar,java,technique,,T5,med,1,eyetracking/obfuscation/source/java/bogus_control_flow/med/RemoveDoubleChar.java,True,ok,
ReverseArray,java,technique,,T5,med,1,eyetracking/obfuscation/source/java/bogus_control_flow/med/ReverseArray.java,True,ok,
ReverseQueue,java,technique,,T5,med,1,eyetracking/obfuscation/source/java/bogus_control_flow/med/ReverseQueue.java,True,ok,
SiebDesEratosthenes,java,technique,,T5,med,1,eyetracking/obfuscation/source/java/bogus_control_flow/med/SiebDesEratosthenes.java,True,ok,
SignChecker,java,technique,,T5,med,1,eyetracking/obfuscation/source/java/bogus_control_flow/med/SignChecker.java,True,ok,
SmallGauss,java,technique,,T5,med,1,eyetracking/obfuscation/source/java/bogus_control_flow/med/SmallGauss.java,True,ok,
SumArray,java,technique,,T5,med,1,eyetracking/obfuscation/source/java/bogus_control_flow/med/SumArray.java,True,ok,
Vehicle,java,technique,,T5,med,1,eyetracking/obfuscation/source/java/bogus_control_flow/med/Vehicle.java,True,ok,
Ackerman,java,technique,,T5,hard,1,eyetracking/obfuscation/source/java/bogus_control_flow/hard/Ackerman.java,True,ok,
ArrayAverage,java,technique,,T5,hard,1,eyetracking/obfuscation/source/java/bogus_control_flow/hard/ArrayAverage.java,True,ok,
BinToDecimal,java,technique,,T5,hard,1,eyetracking/obfuscation/source/java/bogus_control_flow/hard/BinToDecimal.java,True,ok,
BinarySearch,java,technique,,T5,hard,1,eyetracking/obfuscation/source/java/bogus_control_flow/hard/BinarySearch.java,True,ok,
BinomialCoefficient,java,technique,,T5,hard,1,eyetracking/obfuscation/source/java/bogus_control_flow/hard/BinomialCoefficient.java,True,ok,
BogoSort,java,technique,,T5,hard,1,eyetracking/obfuscation/source/java/bogus_control_flow/hard/BogoSort.java,True,ok,
CheckIfLettersOnly,java,technique,,T5,hard,1,eyetracking/obfuscation/source/java/bogus_control_flow/hard/CheckIfLettersOnly.java,True,ok,
ContainsSubstring,java,technique,,T5,hard,1,eyetracking/obfuscation/source/java/bogus_control_flow/hard/ContainsSubstring.java,True,ok,
DropNumber,java,technique,,T5,hard,1,eyetracking/obfuscation/source/java/bogus_control_flow/hard/DropNumber.java,True,ok,
DumpSorting,java,technique,,T5,hard,1,eyetracking/obfuscation/source/java/bogus_control_flow/hard/DumpSorting.java,True,ok,
GreatestCommonDivisor,java,technique,,T5,hard,1,eyetracking/obfuscation/source/java/bogus_control_flow/hard/GreatestCommonDivisor.java,True,ok,
HIndex,java,technique,,T5,hard,1,eyetracking/obfuscation/source/java/bogus_control_flow/hard/HIndex.java,True,ok,
HeightOfTree,java,technique,,T5,hard,1,eyetracking/obfuscation/source/java/bogus_control_flow/hard/HeightOfTree.java,True,ok,
InsertSort,java,technique,,T5,hard,1,eyetracking/obfuscation/source/java/bogus_control_flow/hard/InsertSort.java,True,ok,
IsAnagram,java,technique,,T5,hard,1,eyetracking/obfuscation/source/java/bogus_control_flow/hard/IsAnagram.java,True,ok,
IsPrime,java,technique,,T5,hard,1,eyetracking/obfuscation/source/java/bogus_control_flow/hard/IsPrime.java,True,ok,
LengthOfLast,java,technique,,T5,hard,1,eyetracking/obfuscation/source/java/bogus_control_flow/hard/LengthOfLast.java,True,ok,
MedianOnSorted,java,technique,,T5,hard,1,eyetracking/obfuscation/source/java/bogus_control_flow/hard/MedianOnSorted.java,True,ok,
Palindrome,java,technique,,T5,hard,1,eyetracking/obfuscation/source/java/bogus_control_flow/hard/Palindrome.java,True,ok,
PermuteString,java,technique,,T5,hard,1,eyetracking/obfuscation/source/java/bogus_control_flow/hard/PermuteString.java,True,ok,
Power,java,technique,,T5,hard,1,eyetracking/obfuscation/source/java/bogus_control_flow/hard/Power.java,True,ok,
RabbitTortoise,java,technique,,T5,hard,1,eyetracking/obfuscation/source/java/bogus_control_flow/hard/RabbitTortoise.java,True,ok,
Rectangle,java,technique,,T5,hard,1,eyetracking/obfuscation/source/java/bogus_control_flow/hard/Rectangle.java,True,ok,
RectanglePower,java,technique,,T5,hard,1,eyetracking/obfuscation/source/java/bogus_control_flow/hard/RectanglePower.java,True,ok,
RemoveDoubleChar,java,technique,,T5,hard,1,eyetracking/obfuscation/source/java/bogus_control_flow/hard/RemoveDoubleChar.java,True,ok,
ReverseArray,java,technique,,T5,hard,1,eyetracking/obfuscation/source/java/bogus_control_flow/hard/ReverseArray.java,True,ok,
ReverseQueue,java,technique,,T5,hard,1,eyetracking/obfuscation/source/java/bogus_control_flow/hard/ReverseQueue.java,True,ok,
SiebDesEratosthenes,java,technique,,T5,hard,1,eyetracking/obfuscation/source/java/bogus_control_flow/hard/SiebDesEratosthenes.java,True,ok,
SignChecker,java,technique,,T5,hard,1,eyetracking/obfuscation/source/java/bogus_control_flow/hard/SignChecker.java,True,ok,
SmallGauss,java,technique,,T5,hard,1,eyetracking/obfuscation/source/java/bogus_control_flow/hard/SmallGauss.java,True,ok,
SumArray,java,technique,,T5,hard,1,eyetracking/obfuscation/source/java/bogus_control_flow/hard/SumArray.java,True,ok,
Vehicle,java,technique,,T5,hard,1,eyetracking/obfuscation/source/java/bogus_control_flow/hard/Vehicle.java,True,ok,
Ackerman,java,technique,,T6,easy,1,eyetracking/obfuscation/source/java/control_flow_flattening/easy/Ackerman.java,True,ok,
ArrayAverage,java,technique,,T6,easy,1,eyetracking/obfuscation/source/java/control_flow_flattening/easy/ArrayAverage.java,True,ok,
BinToDecimal,java,technique,,T6,easy,1,eyetracking/obfuscation/source/java/control_flow_flattening/easy/BinToDecimal.java,True,ok,
BinarySearch,java,technique,,T6,easy,1,eyetracking/obfuscation/source/java/control_flow_flattening/easy/BinarySearch.java,True,ok,
BinomialCoefficient,java,technique,,T6,easy,1,eyetracking/obfuscation/source/java/control_flow_flattening/easy/BinomialCoefficient.java,True,ok,
BogoSort,java,technique,,T6,easy,1,eyetracking/obfuscation/source/java/control_flow_flattening/easy/BogoSort.java,True,ok,
CheckIfLettersOnly,java,technique,,T6,easy,1,eyetracking/obfuscation/source/java/control_flow_flattening/easy/CheckIfLettersOnly.java,True,ok,
ContainsSubstring,java,technique,,T6,easy,1,eyetracking/obfuscation/source/java/control_flow_flattening/easy/ContainsSubstring.java,True,ok,
DropNumber,java,technique,,T6,easy,1,eyetracking/obfuscation/source/java/control_flow_flattening/easy/DropNumber.java,True,ok,
DumpSorting,java,technique,,T6,easy,1,eyetracking/obfuscation/source/java/control_flow_flattening/easy/DumpSorting.java,True,ok,
GreatestCommonDivisor,java,technique,,T6,easy,1,eyetracking/obfuscation/source/java/control_flow_flattening/easy/GreatestCommonDivisor.java,True,ok,
HIndex,java,technique,,T6,easy,1,eyetracking/obfuscation/source/java/control_flow_flattening/easy/HIndex.java,True,ok,
HeightOfTree,java,technique,,T6,easy,1,eyetracking/obfuscation/source/java/control_flow_flattening/easy/HeightOfTree.java,True,ok,
InsertSort,java,technique,,T6,easy,1,eyetracking/obfuscation/source/java/control_flow_flattening/easy/InsertSort.java,True,ok,
IsAnagram,java,technique,,T6,easy,1,eyetracking/obfuscation/source/java/control_flow_flattening/easy/IsAnagram.java,True,ok,
IsPrime,java,technique,,T6,easy,1,eyetracking/obfuscation/source/java/control_flow_flattening/easy/IsPrime.java,True,ok,
LengthOfLast,java,technique,,T6,easy,1,eyetracking/obfuscation/source/java/control_flow_flattening/easy/LengthOfLast.java,True,ok,
MedianOnSorted,java,technique,,T6,easy,1,eyetracking/obfuscation/source/java/control_flow_flattening/easy/MedianOnSorted.java,True,ok,
Palindrome,java,technique,,T6,easy,1,eyetracking/obfuscation/source/java/control_flow_flattening/easy/Palindrome.java,True,ok,
PermuteString,java,technique,,T6,easy,1,eyetracking/obfuscation/source/java/control_flow_flattening/easy/PermuteString.java,True,ok,
Power,java,technique,,T6,easy,1,eyetracking/obfuscation/source/java/control_flow_flattening/easy/Power.java,True,ok,
RabbitTortoise,java,technique,,T6,easy,1,eyetracking/obfuscation/source/java/control_flow_flattening/easy/RabbitTortoise.java,True,ok,
Rectangle,java,technique,,T6,easy,1,eyetracking/obfuscation/source/java/control_flow_flattening/easy/Rectangle.java,True,ok,
RectanglePower,java,technique,,T6,easy,1,eyetracking/obfuscation/source/java/control_flow_flattening/easy/RectanglePower.java,True,ok,
RemoveDoubleChar,java,technique,,T6,easy,1,eyetracking/obfuscation/source/java/control_flow_flattening/easy/RemoveDoubleChar.java,True,ok,
ReverseArray,java,technique,,T6,easy,1,eyetracking/obfuscation/source/java/control_flow_flattening/easy/ReverseArray.java,True,ok,
ReverseQueue,java,technique,,T6,easy,1,eyetracking/obfuscation/source/java/control_flow_flattening/easy/ReverseQueue.java,True,ok,
SiebDesEratosthenes,java,technique,,T6,easy,1,eyetracking/obfuscation/source/java/control_flow_flattening/easy/SiebDesEratosthenes.java,True,ok,
SignChecker,java,technique,,T6,easy,1,eyetracking/obfuscation/source/java/control_flow_flattening/easy/SignChecker.java,True,ok,
SmallGauss,java,technique,,T6,easy,1,eyetracking/obfuscation/source/java/control_flow_flattening/easy/SmallGauss.java,True,ok,
SumArray,java,technique,,T6,easy,1,eyetracking/obfuscation/source/java/control_flow_flattening/easy/SumArray.java,True,ok,
Vehicle,java,technique,,T6,easy,1,eyetracking/obfuscation/source/java/control_flow_flattening/easy/Vehicle.java,True,ok,
Ackerman,java,technique,,T6,med,1,eyetracking/obfuscation/source/java/control_flow_flattening/med/Ackerman.java,True,ok,
ArrayAverage,java,technique,,T6,med,1,eyetracking/obfuscation/source/java/control_flow_flattening/med/ArrayAverage.java,True,ok,
BinToDecimal,java,technique,,T6,med,1,eyetracking/obfuscation/source/java/control_flow_flattening/med/BinToDecimal.java,True,ok,
BinarySearch,java,technique,,T6,med,1,eyetracking/obfuscation/source/java/control_flow_flattening/med/BinarySearch.java,True,ok,
BinomialCoefficient,java,technique,,T6,med,1,eyetracking/obfuscation/source/java/control_flow_flattening/med/BinomialCoefficient.java,True,ok,
BogoSort,java,technique,,T6,med,1,eyetracking/obfuscation/source/java/control_flow_flattening/med/BogoSort.java,True,ok,
CheckIfLettersOnly,java,technique,,T6,med,1,eyetracking/obfuscation/source/java/control_flow_flattening/med/CheckIfLettersOnly.java,True,ok,
ContainsSubstring,java,technique,,T6,med,1,eyetracking/obfuscation/source/java/control_flow_flattening/med/ContainsSubstring.java,True,ok,
DropNumber,java,technique,,T6,med,1,eyetracking/obfuscation/source/java/control_flow_flattening/med/DropNumber.java,True,ok,
DumpSorting,java,technique,,T6,med,1,eyetracking/obfuscation/source/java/control_flow_flattening/med/DumpSorting.java,True,ok,
GreatestCommonDivisor,java,technique,,T6,med,1,eyetracking/obfuscation/source/java/control_flow_flattening/med/GreatestCommonDivisor.java,True,ok,
HIndex,java,technique,,T6,med,1,eyetracking/obfuscation/source/java/control_flow_flattening/med/HIndex.java,True,ok,
HeightOfTree,java,technique,,T6,med,1,eyetracking/obfuscation/source/java/control_flow_flattening/med/HeightOfTree.java,True,ok,
InsertSort,java,technique,,T6,med,1,eyetracking/obfuscation/source/java/control_flow_flattening/med/InsertSort.java,True,ok,
IsAnagram,java,technique,,T6,med,1,eyetracking/obfuscation/source/java/control_flow_flattening/med/IsAnagram.java,True,ok,
IsPrime,java,technique,,T6,med,1,eyetracking/obfuscation/source/java/control_flow_flattening/med/IsPrime.java,True,ok,
LengthOfLast,java,technique,,T6,med,1,eyetracking/obfuscation/source/java/control_flow_flattening/med/LengthOfLast.java,True,ok,
MedianOnSorted,java,technique,,T6,med,1,eyetracking/obfuscation/source/java/control_flow_flattening/med/MedianOnSorted.java,True,ok,
Palindrome,java,technique,,T6,med,1,eyetracking/obfuscation/source/java/control_flow_flattening/med/Palindrome.java,True,ok,
PermuteString,java,technique,,T6,med,1,eyetracking/obfuscation/source/java/control_flow_flattening/med/PermuteString.java,True,ok,
Power,java,technique,,T6,med,1,eyetracking/obfuscation/source/java/control_flow_flattening/med/Power.java,True,ok,
RabbitTortoise,java,technique,,T6,med,1,eyetracking/obfuscation/source/java/control_flow_flattening/med/RabbitTortoise.java,True,ok,
Rectangle,java,technique,,T6,med,1,eyetracking/obfuscation/source/java/control_flow_flattening/med/Rectangle.java,True,ok,
RectanglePower,java,technique,,T6,med,1,eyetracking/obfuscation/source/java/control_flow_flattening/med/RectanglePower.java,True,ok,
RemoveDoubleChar,java,technique,,T6,med,1,eyetracking/obfuscation/source/java/control_flow_flattening/med/RemoveDoubleChar.java,True,ok,
ReverseArray,java,technique,,T6,med,1,eyetracking/obfuscation/source/java/control_flow_flattening/med/ReverseArray.java,True,ok,
ReverseQueue,java,technique,,T6,med,1,eyetracking/obfuscation/source/java/control_flow_flattening/med/ReverseQueue.java,True,ok,
SiebDesEratosthenes,java,technique,,T6,med,1,eyetracking/obfuscation/source/java/control_flow_flattening/med/SiebDesEratosthenes.java,True,ok,
SignChecker,java,technique,,T6,med,1,eyetracking/obfuscation/source/java/control_flow_flattening/med/SignChecker.java,True,ok,
SmallGauss,java,technique,,T6,med,1,eyetracking/obfuscation/source/java/control_flow_flattening/med/SmallGauss.java,True,ok,
SumArray,java,technique,,T6,med,1,eyetracking/obfuscation/source/java/control_flow_flattening/med/SumArray.java,True,ok,
Vehicle,java,technique,,T6,med,1,eyetracking/obfuscation/source/java/control_flow_flattening/med/Vehicle.java,True,ok,
Ackerman,java,technique,,T6,hard,1,eyetracking/obfuscation/source/java/control_flow_flattening/hard/Ackerman.java,True,ok,
ArrayAverage,java,technique,,T6,hard,1,eyetracking/obfuscation/source/java/control_flow_flattening/hard/ArrayAverage.java,True,ok,
BinToDecimal,java,technique,,T6,hard,1,eyetracking/obfuscation/source/java/control_flow_flattening/hard/BinToDecimal.java,True,ok,
BinarySearch,java,technique,,T6,hard,1,eyetracking/obfuscation/source/java/control_flow_flattening/hard/BinarySearch.java,True,ok,
BinomialCoefficient,java,technique,,T6,hard,1,eyetracking/obfuscation/source/java/control_flow_flattening/hard/BinomialCoefficient.java,True,ok,
BogoSort,java,technique,,T6,hard,1,eyetracking/obfuscation/source/java/control_flow_flattening/hard/BogoSort.java,True,ok,
CheckIfLettersOnly,java,technique,,T6,hard,1,eyetracking/obfuscation/source/java/control_flow_flattening/hard/CheckIfLettersOnly.java,True,ok,
ContainsSubstring,java,technique,,T6,hard,1,eyetracking/obfuscation/source/java/control_flow_flattening/hard/ContainsSubstring.java,True,ok,
DropNumber,java,technique,,T6,hard,1,eyetracking/obfuscation/source/java/control_flow_flattening/hard/DropNumber.java,True,ok,
DumpSorting,java,technique,,T6,hard,1,eyetracking/obfuscation/source/java/control_flow_flattening/hard/DumpSorting.java,True,ok,
GreatestCommonDivisor,java,technique,,T6,hard,1,eyetracking/obfuscation/source/java/control_flow_flattening/hard/GreatestCommonDivisor.java,True,ok,
HIndex,java,technique,,T6,hard,1,eyetracking/obfuscation/source/java/control_flow_flattening/hard/HIndex.java,True,ok,
HeightOfTree,java,technique,,T6,hard,1,eyetracking/obfuscation/source/java/control_flow_flattening/hard/HeightOfTree.java,True,ok,
InsertSort,java,technique,,T6,hard,1,eyetracking/obfuscation/source/java/control_flow_flattening/hard/InsertSort.java,True,ok,
IsAnagram,java,technique,,T6,hard,1,eyetracking/obfuscation/source/java/control_flow_flattening/hard/IsAnagram.java,True,ok,
IsPrime,java,technique,,T6,hard,1,eyetracking/obfuscation/source/java/control_flow_flattening/hard/IsPrime.java,True,ok,
LengthOfLast,java,technique,,T6,hard,1,eyetracking/obfuscation/source/java/control_flow_flattening/hard/LengthOfLast.java,True,ok,
MedianOnSorted,java,technique,,T6,hard,1,eyetracking/obfuscation/source/java/control_flow_flattening/hard/MedianOnSorted.java,True,ok,
Palindrome,java,technique,,T6,hard,1,eyetracking/obfuscation/source/java/control_flow_flattening/hard/Palindrome.java,True,ok,
PermuteString,java,technique,,T6,hard,1,eyetracking/obfuscation/source/java/control_flow_flattening/hard/PermuteString.java,True,ok,
Power,java,technique,,T6,hard,1,eyetracking/obfuscation/source/java/control_flow_flattening/hard/Power.java,True,ok,
RabbitTortoise,java,technique,,T6,hard,1,eyetracking/obfuscation/source/java/control_flow_flattening/hard/RabbitTortoise.java,True,ok,
Rectangle,java,technique,,T6,hard,1,eyetracking/obfuscation/source/java/control_flow_flattening/hard/Rectangle.java,True,ok,
RectanglePower,java,technique,,T6,hard,1,eyetracking/obfuscation/source/java/control_flow_flattening/hard/RectanglePower.java,True,ok,
RemoveDoubleChar,java,technique,,T6,hard,1,eyetracking/obfuscation/source/java/control_flow_flattening/hard/RemoveDoubleChar.java,True,ok,
ReverseArray,java,technique,,T6,hard,1,eyetracking/obfuscation/source/java/control_flow_flattening/hard/ReverseArray.java,True,ok,
ReverseQueue,java,technique,,T6,hard,1,eyetracking/obfuscation/source/java/control_flow_flattening/hard/ReverseQueue.java,True,ok,
SiebDesEratosthenes,java,technique,,T6,hard,1,eyetracking/obfuscation/source/java/control_flow_flattening/hard/SiebDesEratosthenes.java,True,ok,
SignChecker,java,technique,,T6,hard,1,eyetracking/obfuscation/source/java/control_flow_flattening/hard/SignChecker.java,True,ok,
SmallGauss,java,technique,,T6,hard,1,eyetracking/obfuscation/source/java/control_flow_flattening/hard/SmallGauss.java,True,ok,
SumArray,java,technique,,T6,hard,1,eyetracking/obfuscation/source/java/control_flow_flattening/hard/SumArray.java,True,ok,
Vehicle,java,technique,,T6,hard,1,eyetracking/obfuscation/source/java/control_flow_flattening/hard/Vehicle.java,True,ok,
Ackerman,java,technique,,T7,easy,1,eyetracking/obfuscation/source/java/inter_procedural_reshaping/easy/Ackerman.java,True,ok,
ArrayAverage,java,technique,,T7,easy,1,eyetracking/obfuscation/source/java/inter_procedural_reshaping/easy/ArrayAverage.java,True,ok,
BinToDecimal,java,technique,,T7,easy,1,eyetracking/obfuscation/source/java/inter_procedural_reshaping/easy/BinToDecimal.java,True,ok,
BinarySearch,java,technique,,T7,easy,1,eyetracking/obfuscation/source/java/inter_procedural_reshaping/easy/BinarySearch.java,True,ok,
BinomialCoefficient,java,technique,,T7,easy,1,eyetracking/obfuscation/source/java/inter_procedural_reshaping/easy/BinomialCoefficient.java,True,ok,
BogoSort,java,technique,,T7,easy,1,eyetracking/obfuscation/source/java/inter_procedural_reshaping/easy/BogoSort.java,True,ok,
CheckIfLettersOnly,java,technique,,T7,easy,1,eyetracking/obfuscation/source/java/inter_procedural_reshaping/easy/CheckIfLettersOnly.java,True,ok,
ContainsSubstring,java,technique,,T7,easy,1,eyetracking/obfuscation/source/java/inter_procedural_reshaping/easy/ContainsSubstring.java,True,ok,
DropNumber,java,technique,,T7,easy,1,eyetracking/obfuscation/source/java/inter_procedural_reshaping/easy/DropNumber.java,True,ok,
DumpSorting,java,technique,,T7,easy,1,eyetracking/obfuscation/source/java/inter_procedural_reshaping/easy/DumpSorting.java,True,ok,
GreatestCommonDivisor,java,technique,,T7,easy,1,eyetracking/obfuscation/source/java/inter_procedural_reshaping/easy/GreatestCommonDivisor.java,True,ok,
HIndex,java,technique,,T7,easy,1,eyetracking/obfuscation/source/java/inter_procedural_reshaping/easy/HIndex.java,True,ok,
HeightOfTree,java,technique,,T7,easy,1,eyetracking/obfuscation/source/java/inter_procedural_reshaping/easy/HeightOfTree.java,True,ok,
InsertSort,java,technique,,T7,easy,1,eyetracking/obfuscation/source/java/inter_procedural_reshaping/easy/InsertSort.java,True,ok,
IsAnagram,java,technique,,T7,easy,1,eyetracking/obfuscation/source/java/inter_procedural_reshaping/easy/IsAnagram.java,True,ok,
IsPrime,java,technique,,T7,easy,1,eyetracking/obfuscation/source/java/inter_procedural_reshaping/easy/IsPrime.java,True,ok,
LengthOfLast,java,technique,,T7,easy,1,eyetracking/obfuscation/source/java/inter_procedural_reshaping/easy/LengthOfLast.java,True,ok,
MedianOnSorted,java,technique,,T7,easy,1,eyetracking/obfuscation/source/java/inter_procedural_reshaping/easy/MedianOnSorted.java,True,ok,
Palindrome,java,technique,,T7,easy,1,eyetracking/obfuscation/source/java/inter_procedural_reshaping/easy/Palindrome.java,True,ok,
PermuteString,java,technique,,T7,easy,1,eyetracking/obfuscation/source/java/inter_procedural_reshaping/easy/PermuteString.java,True,ok,
Power,java,technique,,T7,easy,1,eyetracking/obfuscation/source/java/inter_procedural_reshaping/easy/Power.java,True,ok,
RabbitTortoise,java,technique,,T7,easy,1,eyetracking/obfuscation/source/java/inter_procedural_reshaping/easy/RabbitTortoise.java,True,ok,
Rectangle,java,technique,,T7,easy,1,eyetracking/obfuscation/source/java/inter_procedural_reshaping/easy/Rectangle.java,True,ok,
RectanglePower,java,technique,,T7,easy,1,eyetracking/obfuscation/source/java/inter_procedural_reshaping/easy/RectanglePower.java,True,ok,
RemoveDoubleChar,java,technique,,T7,easy,1,eyetracking/obfuscation/source/java/inter_procedural_reshaping/easy/RemoveDoubleChar.java,True,ok,
ReverseArray,java,technique,,T7,easy,1,eyetracking/obfuscation/source/java/inter_procedural_reshaping/easy/ReverseArray.java,True,ok,
ReverseQueue,java,technique,,T7,easy,1,eyetracking/obfuscation/source/java/inter_procedural_reshaping/easy/ReverseQueue.java,True,ok,
SiebDesEratosthenes,java,technique,,T7,easy,1,eyetracking/obfuscation/source/java/inter_procedural_reshaping/easy/SiebDesEratosthenes.java,True,ok,
SignChecker,java,technique,,T7,easy,1,eyetracking/obfuscation/source/java/inter_procedural_reshaping/easy/SignChecker.java,True,ok,
SmallGauss,java,technique,,T7,easy,1,eyetracking/obfuscation/source/java/inter_procedural_reshaping/easy/SmallGauss.java,True,ok,
SumArray,java,technique,,T7,easy,1,eyetracking/obfuscation/source/java/inter_procedural_reshaping/easy/SumArray.java,True,ok,
Vehicle,java,technique,,T7,easy,1,eyetracking/obfuscation/source/java/inter_procedural_reshaping/easy/Vehicle.java,True,ok,
Ackerman,java,technique,,T7,med,1,eyetracking/obfuscation/source/java/inter_procedural_reshaping/med/Ackerman.java,True,ok,
ArrayAverage,java,technique,,T7,med,1,eyetracking/obfuscation/source/java/inter_procedural_reshaping/med/ArrayAverage.java,True,ok,
BinToDecimal,java,technique,,T7,med,1,eyetracking/obfuscation/source/java/inter_procedural_reshaping/med/BinToDecimal.java,True,ok,
BinarySearch,java,technique,,T7,med,1,eyetracking/obfuscation/source/java/inter_procedural_reshaping/med/BinarySearch.java,True,ok,
BinomialCoefficient,java,technique,,T7,med,1,eyetracking/obfuscation/source/java/inter_procedural_reshaping/med/BinomialCoefficient.java,True,ok,
BogoSort,java,technique,,T7,med,1,eyetracking/obfuscation/source/java/inter_procedural_reshaping/med/BogoSort.java,True,ok,
CheckIfLettersOnly,java,technique,,T7,med,1,eyetracking/obfuscation/source/java/inter_procedural_reshaping/med/CheckIfLettersOnly.java,True,ok,
ContainsSubstring,java,technique,,T7,med,1,eyetracking/obfuscation/source/java/inter_procedural_reshaping/med/ContainsSubstring.java,True,ok,
DropNumber,java,technique,,T7,med,1,eyetracking/obfuscation/source/java/inter_procedural_reshaping/med/DropNumber.java,True,ok,
DumpSorting,java,technique,,T7,med,1,eyetracking/obfuscation/source/java/inter_procedural_reshaping/med/DumpSorting.java,True,ok,
GreatestCommonDivisor,java,technique,,T7,med,1,eyetracking/obfuscation/source/java/inter_procedural_reshaping/med/GreatestCommonDivisor.java,True,ok,
HIndex,java,technique,,T7,med,1,eyetracking/obfuscation/source/java/inter_procedural_reshaping/med/HIndex.java,True,ok,
HeightOfTree,java,technique,,T7,med,1,eyetracking/obfuscation/source/java/inter_procedural_reshaping/med/HeightOfTree.java,True,ok,
InsertSort,java,technique,,T7,med,1,eyetracking/obfuscation/source/java/inter_procedural_reshaping/med/InsertSort.java,True,ok,
IsAnagram,java,technique,,T7,med,1,eyetracking/obfuscation/source/java/inter_procedural_reshaping/med/IsAnagram.java,True,ok,
IsPrime,java,technique,,T7,med,1,eyetracking/obfuscation/source/java/inter_procedural_reshaping/med/IsPrime.java,True,ok,
LengthOfLast,java,technique,,T7,med,1,eyetracking/obfuscation/source/java/inter_procedural_reshaping/med/LengthOfLast.java,True,ok,
MedianOnSorted,java,technique,,T7,med,1,eyetracking/obfuscation/source/java/inter_procedural_reshaping/med/MedianOnSorted.java,True,ok,
Palindrome,java,technique,,T7,med,1,eyetracking/obfuscation/source/java/inter_procedural_reshaping/med/Palindrome.java,True,ok,
PermuteString,java,technique,,T7,med,1,eyetracking/obfuscation/source/java/inter_procedural_reshaping/med/PermuteString.java,True,ok,
Power,java,technique,,T7,med,1,eyetracking/obfuscation/source/java/inter_procedural_reshaping/med/Power.java,True,ok,
RabbitTortoise,java,technique,,T7,med,1,eyetracking/obfuscation/source/java/inter_procedural_reshaping/med/RabbitTortoise.java,True,ok,
Rectangle,java,technique,,T7,med,1,eyetracking/obfuscation/source/java/inter_procedural_reshaping/med/Rectangle.java,True,ok,
RectanglePower,java,technique,,T7,med,1,eyetracking/obfuscation/source/java/inter_procedural_reshaping/med/RectanglePower.java,True,ok,
RemoveDoubleChar,java,technique,,T7,med,1,eyetracking/obfuscation/source/java/inter_procedural_reshaping/med/RemoveDoubleChar.java,True,ok,
ReverseArray,java,technique,,T7,med,1,eyetracking/obfuscation/source/java/inter_procedural_reshaping/med/ReverseArray.java,True,ok,
ReverseQueue,java,technique,,T7,med,1,eyetracking/obfuscation/source/java/inter_procedural_reshaping/med/ReverseQueue.java,True,ok,
SiebDesEratosthenes,java,technique,,T7,med,1,eyetracking/obfuscation/source/java/inter_procedural_reshaping/med/SiebDesEratosthenes.java,True,ok,
SignChecker,java,technique,,T7,med,1,eyetracking/obfuscation/source/java/inter_procedural_reshaping/med/SignChecker.java,True,ok,
SmallGauss,java,technique,,T7,med,1,eyetracking/obfuscation/source/java/inter_procedural_reshaping/med/SmallGauss.java,True,ok,
SumArray,java,technique,,T7,med,1,eyetracking/obfuscation/source/java/inter_procedural_reshaping/med/SumArray.java,True,ok,
Vehicle,java,technique,,T7,med,1,eyetracking/obfuscation/source/java/inter_procedural_reshaping/med/Vehicle.java,True,ok,
Ackerman,java,technique,,T7,hard,1,eyetracking/obfuscation/source/java/inter_procedural_reshaping/hard/Ackerman.java,True,ok,T7
ArrayAverage,java,technique,,T7,hard,1,eyetracking/obfuscation/source/java/inter_procedural_reshaping/hard/ArrayAverage.java,True,ok,
BinToDecimal,java,technique,,T7,hard,1,eyetracking/obfuscation/source/java/inter_procedural_reshaping/hard/BinToDecimal.java,True,ok,
BinarySearch,java,technique,,T7,hard,1,eyetracking/obfuscation/source/java/inter_procedural_reshaping/hard/BinarySearch.java,True,ok,
BinomialCoefficient,java,technique,,T7,hard,1,eyetracking/obfuscation/source/java/inter_procedural_reshaping/hard/BinomialCoefficient.java,True,ok,
BogoSort,java,technique,,T7,hard,1,eyetracking/obfuscation/source/java/inter_procedural_reshaping/hard/BogoSort.java,True,ok,
CheckIfLettersOnly,java,technique,,T7,hard,1,eyetracking/obfuscation/source/java/inter_procedural_reshaping/hard/CheckIfLettersOnly.java,True,ok,
ContainsSubstring,java,technique,,T7,hard,1,eyetracking/obfuscation/source/java/inter_procedural_reshaping/hard/ContainsSubstring.java,True,ok,
DropNumber,java,technique,,T7,hard,1,eyetracking/obfuscation/source/java/inter_procedural_reshaping/hard/DropNumber.java,True,ok,
DumpSorting,java,technique,,T7,hard,1,eyetracking/obfuscation/source/java/inter_procedural_reshaping/hard/DumpSorting.java,True,ok,
GreatestCommonDivisor,java,technique,,T7,hard,1,eyetracking/obfuscation/source/java/inter_procedural_reshaping/hard/GreatestCommonDivisor.java,True,ok,
HIndex,java,technique,,T7,hard,1,eyetracking/obfuscation/source/java/inter_procedural_reshaping/hard/HIndex.java,True,ok,
HeightOfTree,java,technique,,T7,hard,1,eyetracking/obfuscation/source/java/inter_procedural_reshaping/hard/HeightOfTree.java,True,ok,
InsertSort,java,technique,,T7,hard,1,eyetracking/obfuscation/source/java/inter_procedural_reshaping/hard/InsertSort.java,True,ok,
IsAnagram,java,technique,,T7,hard,1,eyetracking/obfuscation/source/java/inter_procedural_reshaping/hard/IsAnagram.java,True,ok,
IsPrime,java,technique,,T7,hard,1,eyetracking/obfuscation/source/java/inter_procedural_reshaping/hard/IsPrime.java,True,ok,
LengthOfLast,java,technique,,T7,hard,1,eyetracking/obfuscation/source/java/inter_procedural_reshaping/hard/LengthOfLast.java,True,ok,
MedianOnSorted,java,technique,,T7,hard,1,eyetracking/obfuscation/source/java/inter_procedural_reshaping/hard/MedianOnSorted.java,True,ok,
Palindrome,java,technique,,T7,hard,1,eyetracking/obfuscation/source/java/inter_procedural_reshaping/hard/Palindrome.java,True,ok,
PermuteString,java,technique,,T7,hard,1,eyetracking/obfuscation/source/java/inter_procedural_reshaping/hard/PermuteString.java,True,ok,
Power,java,technique,,T7,hard,1,eyetracking/obfuscation/source/java/inter_procedural_reshaping/hard/Power.java,True,ok,
RabbitTortoise,java,technique,,T7,hard,1,eyetracking/obfuscation/source/java/inter_procedural_reshaping/hard/RabbitTortoise.java,True,ok,
Rectangle,java,technique,,T7,hard,1,eyetracking/obfuscation/source/java/inter_procedural_reshaping/hard/Rectangle.java,True,ok,
RectanglePower,java,technique,,T7,hard,1,eyetracking/obfuscation/source/java/inter_procedural_reshaping/hard/RectanglePower.java,True,ok,
RemoveDoubleChar,java,technique,,T7,hard,1,eyetracking/obfuscation/source/java/inter_procedural_reshaping/hard/RemoveDoubleChar.java,True,ok,
ReverseArray,java,technique,,T7,hard,1,eyetracking/obfuscation/source/java/inter_procedural_reshaping/hard/ReverseArray.java,True,ok,
ReverseQueue,java,technique,,T7,hard,1,eyetracking/obfuscation/source/java/inter_procedural_reshaping/hard/ReverseQueue.java,True,ok,
SiebDesEratosthenes,java,technique,,T7,hard,1,eyetracking/obfuscation/source/java/inter_procedural_reshaping/hard/SiebDesEratosthenes.java,True,ok,
SignChecker,java,technique,,T7,hard,1,eyetracking/obfuscation/source/java/inter_procedural_reshaping/hard/SignChecker.java,True,ok,
SmallGauss,java,technique,,T7,hard,1,eyetracking/obfuscation/source/java/inter_procedural_reshaping/hard/SmallGauss.java,True,ok,
SumArray,java,technique,,T7,hard,1,eyetracking/obfuscation/source/java/inter_procedural_reshaping/hard/SumArray.java,True,ok,
Vehicle,java,technique,,T7,hard,1,eyetracking/obfuscation/source/java/inter_procedural_reshaping/hard/Vehicle.java,True,ok,
Ackerman,java,technique,,T8,easy,1,eyetracking/obfuscation/source/java/call_indirection/easy/Ackerman.java,True,ok,
ArrayAverage,java,technique,,T8,easy,1,eyetracking/obfuscation/source/java/call_indirection/easy/ArrayAverage.java,True,ok,T8
BinToDecimal,java,technique,,T8,easy,1,eyetracking/obfuscation/source/java/call_indirection/easy/BinToDecimal.java,True,ok,T8
BinarySearch,java,technique,,T8,easy,1,eyetracking/obfuscation/source/java/call_indirection/easy/BinarySearch.java,True,ok,
BinomialCoefficient,java,technique,,T8,easy,1,eyetracking/obfuscation/source/java/call_indirection/easy/BinomialCoefficient.java,True,ok,
BogoSort,java,technique,,T8,easy,1,eyetracking/obfuscation/source/java/call_indirection/easy/BogoSort.java,True,ok,
CheckIfLettersOnly,java,technique,,T8,easy,1,eyetracking/obfuscation/source/java/call_indirection/easy/CheckIfLettersOnly.java,True,ok,
ContainsSubstring,java,technique,,T8,easy,1,eyetracking/obfuscation/source/java/call_indirection/easy/ContainsSubstring.java,True,ok,T8
DropNumber,java,technique,,T8,easy,1,eyetracking/obfuscation/source/java/call_indirection/easy/DropNumber.java,True,ok,
DumpSorting,java,technique,,T8,easy,1,eyetracking/obfuscation/source/java/call_indirection/easy/DumpSorting.java,True,ok,T8
GreatestCommonDivisor,java,technique,,T8,easy,1,eyetracking/obfuscation/source/java/call_indirection/easy/GreatestCommonDivisor.java,True,ok,T8
HIndex,java,technique,,T8,easy,1,eyetracking/obfuscation/source/java/call_indirection/easy/HIndex.java,True,ok,T8
HeightOfTree,java,technique,,T8,easy,1,eyetracking/obfuscation/source/java/call_indirection/easy/HeightOfTree.java,True,ok,
InsertSort,java,technique,,T8,easy,1,eyetracking/obfuscation/source/java/call_indirection/easy/InsertSort.java,True,ok,T8
IsAnagram,java,technique,,T8,easy,1,eyetracking/obfuscation/source/java/call_indirection/easy/IsAnagram.java,True,ok,
IsPrime,java,technique,,T8,easy,1,eyetracking/obfuscation/source/java/call_indirection/easy/IsPrime.java,True,ok,
LengthOfLast,java,technique,,T8,easy,1,eyetracking/obfuscation/source/java/call_indirection/easy/LengthOfLast.java,True,ok,T8
MedianOnSorted,java,technique,,T8,easy,1,eyetracking/obfuscation/source/java/call_indirection/easy/MedianOnSorted.java,True,ok,
Palindrome,java,technique,,T8,easy,1,eyetracking/obfuscation/source/java/call_indirection/easy/Palindrome.java,True,ok,
PermuteString,java,technique,,T8,easy,1,eyetracking/obfuscation/source/java/call_indirection/easy/PermuteString.java,True,ok,
Power,java,technique,,T8,easy,1,eyetracking/obfuscation/source/java/call_indirection/easy/Power.java,True,ok,T8
RabbitTortoise,java,technique,,T8,easy,1,eyetracking/obfuscation/source/java/call_indirection/easy/RabbitTortoise.java,True,ok,
Rectangle,java,technique,,T8,easy,1,eyetracking/obfuscation/source/java/call_indirection/easy/Rectangle.java,True,ok,
RectanglePower,java,technique,,T8,easy,1,eyetracking/obfuscation/source/java/call_indirection/easy/RectanglePower.java,True,ok,T8
RemoveDoubleChar,java,technique,,T8,easy,1,eyetracking/obfuscation/source/java/call_indirection/easy/RemoveDoubleChar.java,True,ok,
ReverseArray,java,technique,,T8,easy,1,eyetracking/obfuscation/source/java/call_indirection/easy/ReverseArray.java,True,ok,
ReverseQueue,java,technique,,T8,easy,1,eyetracking/obfuscation/source/java/call_indirection/easy/ReverseQueue.java,True,ok,
SiebDesEratosthenes,java,technique,,T8,easy,1,eyetracking/obfuscation/source/java/call_indirection/easy/SiebDesEratosthenes.java,True,ok,
SignChecker,java,technique,,T8,easy,1,eyetracking/obfuscation/source/java/call_indirection/easy/SignChecker.java,True,ok,
SmallGauss,java,technique,,T8,easy,1,eyetracking/obfuscation/source/java/call_indirection/easy/SmallGauss.java,True,ok,
SumArray,java,technique,,T8,easy,1,eyetracking/obfuscation/source/java/call_indirection/easy/SumArray.java,True,ok,
Vehicle,java,technique,,T8,easy,1,eyetracking/obfuscation/source/java/call_indirection/easy/Vehicle.java,True,ok,
Ackerman,java,technique,,T8,med,1,eyetracking/obfuscation/source/java/call_indirection/med/Ackerman.java,True,ok,
ArrayAverage,java,technique,,T8,med,1,eyetracking/obfuscation/source/java/call_indirection/med/ArrayAverage.java,True,ok,T8
BinToDecimal,java,technique,,T8,med,1,eyetracking/obfuscation/source/java/call_indirection/med/BinToDecimal.java,True,ok,T8
BinarySearch,java,technique,,T8,med,1,eyetracking/obfuscation/source/java/call_indirection/med/BinarySearch.java,True,ok,
BinomialCoefficient,java,technique,,T8,med,1,eyetracking/obfuscation/source/java/call_indirection/med/BinomialCoefficient.java,True,ok,
BogoSort,java,technique,,T8,med,1,eyetracking/obfuscation/source/java/call_indirection/med/BogoSort.java,True,ok,
CheckIfLettersOnly,java,technique,,T8,med,1,eyetracking/obfuscation/source/java/call_indirection/med/CheckIfLettersOnly.java,True,ok,
ContainsSubstring,java,technique,,T8,med,1,eyetracking/obfuscation/source/java/call_indirection/med/ContainsSubstring.java,True,ok,T8
DropNumber,java,technique,,T8,med,1,eyetracking/obfuscation/source/java/call_indirection/med/DropNumber.java,True,ok,
DumpSorting,java,technique,,T8,med,1,eyetracking/obfuscation/source/java/call_indirection/med/DumpSorting.java,True,ok,T8
GreatestCommonDivisor,java,technique,,T8,med,1,eyetracking/obfuscation/source/java/call_indirection/med/GreatestCommonDivisor.java,True,ok,T8
HIndex,java,technique,,T8,med,1,eyetracking/obfuscation/source/java/call_indirection/med/HIndex.java,True,ok,T8
HeightOfTree,java,technique,,T8,med,1,eyetracking/obfuscation/source/java/call_indirection/med/HeightOfTree.java,True,ok,
InsertSort,java,technique,,T8,med,1,eyetracking/obfuscation/source/java/call_indirection/med/InsertSort.java,True,ok,T8
IsAnagram,java,technique,,T8,med,1,eyetracking/obfuscation/source/java/call_indirection/med/IsAnagram.java,True,ok,
IsPrime,java,technique,,T8,med,1,eyetracking/obfuscation/source/java/call_indirection/med/IsPrime.java,True,ok,
LengthOfLast,java,technique,,T8,med,1,eyetracking/obfuscation/source/java/call_indirection/med/LengthOfLast.java,True,ok,T8
MedianOnSorted,java,technique,,T8,med,1,eyetracking/obfuscation/source/java/call_indirection/med/MedianOnSorted.java,True,ok,
Palindrome,java,technique,,T8,med,1,eyetracking/obfuscation/source/java/call_indirection/med/Palindrome.java,True,ok,
PermuteString,java,technique,,T8,med,1,eyetracking/obfuscation/source/java/call_indirection/med/PermuteString.java,True,ok,
Power,java,technique,,T8,med,1,eyetracking/obfuscation/source/java/call_indirection/med/Power.java,True,ok,T8
RabbitTortoise,java,technique,,T8,med,1,eyetracking/obfuscation/source/java/call_indirection/med/RabbitTortoise.java,True,ok,
Rectangle,java,technique,,T8,med,1,eyetracking/obfuscation/source/java/call_indirection/med/Rectangle.java,True,ok,
RectanglePower,java,technique,,T8,med,1,eyetracking/obfuscation/source/java/call_indirection/med/RectanglePower.java,True,ok,T8
RemoveDoubleChar,java,technique,,T8,med,1,eyetracking/obfuscation/source/java/call_indirection/med/RemoveDoubleChar.java,True,ok,
ReverseArray,java,technique,,T8,med,1,eyetracking/obfuscation/source/java/call_indirection/med/ReverseArray.java,True,ok,
ReverseQueue,java,technique,,T8,med,1,eyetracking/obfuscation/source/java/call_indirection/med/ReverseQueue.java,True,ok,
SiebDesEratosthenes,java,technique,,T8,med,1,eyetracking/obfuscation/source/java/call_indirection/med/SiebDesEratosthenes.java,True,ok,
SignChecker,java,technique,,T8,med,1,eyetracking/obfuscation/source/java/call_indirection/med/SignChecker.java,True,ok,
SmallGauss,java,technique,,T8,med,1,eyetracking/obfuscation/source/java/call_indirection/med/SmallGauss.java,True,ok,
SumArray,java,technique,,T8,med,1,eyetracking/obfuscation/source/java/call_indirection/med/SumArray.java,True,ok,
Vehicle,java,technique,,T8,med,1,eyetracking/obfuscation/source/java/call_indirection/med/Vehicle.java,True,ok,
Ackerman,java,technique,,T8,hard,1,eyetracking/obfuscation/source/java/call_indirection/hard/Ackerman.java,True,ok,
ArrayAverage,java,technique,,T8,hard,1,eyetracking/obfuscation/source/java/call_indirection/hard/ArrayAverage.java,True,ok,T8
BinToDecimal,java,technique,,T8,hard,1,eyetracking/obfuscation/source/java/call_indirection/hard/BinToDecimal.java,True,ok,T8
BinarySearch,java,technique,,T8,hard,1,eyetracking/obfuscation/source/java/call_indirection/hard/BinarySearch.java,True,ok,
BinomialCoefficient,java,technique,,T8,hard,1,eyetracking/obfuscation/source/java/call_indirection/hard/BinomialCoefficient.java,True,ok,
BogoSort,java,technique,,T8,hard,1,eyetracking/obfuscation/source/java/call_indirection/hard/BogoSort.java,True,ok,
CheckIfLettersOnly,java,technique,,T8,hard,1,eyetracking/obfuscation/source/java/call_indirection/hard/CheckIfLettersOnly.java,True,ok,
ContainsSubstring,java,technique,,T8,hard,1,eyetracking/obfuscation/source/java/call_indirection/hard/ContainsSubstring.java,True,ok,T8
DropNumber,java,technique,,T8,hard,1,eyetracking/obfuscation/source/java/call_indirection/hard/DropNumber.java,True,ok,
DumpSorting,java,technique,,T8,hard,1,eyetracking/obfuscation/source/java/call_indirection/hard/DumpSorting.java,True,ok,T8
GreatestCommonDivisor,java,technique,,T8,hard,1,eyetracking/obfuscation/source/java/call_indirection/hard/GreatestCommonDivisor.java,True,ok,T8
HIndex,java,technique,,T8,hard,1,eyetracking/obfuscation/source/java/call_indirection/hard/HIndex.java,True,ok,T8
HeightOfTree,java,technique,,T8,hard,1,eyetracking/obfuscation/source/java/call_indirection/hard/HeightOfTree.java,True,ok,
InsertSort,java,technique,,T8,hard,1,eyetracking/obfuscation/source/java/call_indirection/hard/InsertSort.java,True,ok,T8
IsAnagram,java,technique,,T8,hard,1,eyetracking/obfuscation/source/java/call_indirection/hard/IsAnagram.java,True,ok,
IsPrime,java,technique,,T8,hard,1,eyetracking/obfuscation/source/java/call_indirection/hard/IsPrime.java,True,ok,
LengthOfLast,java,technique,,T8,hard,1,eyetracking/obfuscation/source/java/call_indirection/hard/LengthOfLast.java,True,ok,T8
MedianOnSorted,java,technique,,T8,hard,1,eyetracking/obfuscation/source/java/call_indirection/hard/MedianOnSorted.java,True,ok,
Palindrome,java,technique,,T8,hard,1,eyetracking/obfuscation/source/java/call_indirection/hard/Palindrome.java,True,ok,
PermuteString,java,technique,,T8,hard,1,eyetracking/obfuscation/source/java/call_indirection/hard/PermuteString.java,True,ok,
Power,java,technique,,T8,hard,1,eyetracking/obfuscation/source/java/call_indirection/hard/Power.java,True,ok,T8
RabbitTortoise,java,technique,,T8,hard,1,eyetracking/obfuscation/source/java/call_indirection/hard/RabbitTortoise.java,True,ok,
Rectangle,java,technique,,T8,hard,1,eyetracking/obfuscation/source/java/call_indirection/hard/Rectangle.java,True,ok,
RectanglePower,java,technique,,T8,hard,1,eyetracking/obfuscation/source/java/call_indirection/hard/RectanglePower.java,True,ok,T8
RemoveDoubleChar,java,technique,,T8,hard,1,eyetracking/obfuscation/source/java/call_indirection/hard/RemoveDoubleChar.java,True,ok,
ReverseArray,java,technique,,T8,hard,1,eyetracking/obfuscation/source/java/call_indirection/hard/ReverseArray.java,True,ok,
ReverseQueue,java,technique,,T8,hard,1,eyetracking/obfuscation/source/java/call_indirection/hard/ReverseQueue.java,True,ok,
SiebDesEratosthenes,java,technique,,T8,hard,1,eyetracking/obfuscation/source/java/call_indirection/hard/SiebDesEratosthenes.java,True,ok,
SignChecker,java,technique,,T8,hard,1,eyetracking/obfuscation/source/java/call_indirection/hard/SignChecker.java,True,ok,
SmallGauss,java,technique,,T8,hard,1,eyetracking/obfuscation/source/java/call_indirection/hard/SmallGauss.java,True,ok,
SumArray,java,technique,,T8,hard,1,eyetracking/obfuscation/source/java/call_indirection/hard/SumArray.java,True,ok,
Vehicle,java,technique,,T8,hard,1,eyetracking/obfuscation/source/java/call_indirection/hard/Vehicle.java,True,ok,
